-- MySQL dump 10.13  Distrib 5.6.30, for debian-linux-gnu (x86_64)
--
-- Host: localhost    Database: arca_test
-- ------------------------------------------------------
-- Server version	5.6.30-1

/*!40101 SET @OLD_CHARACTER_SET_CLIENT=@@CHARACTER_SET_CLIENT */;
/*!40101 SET @OLD_CHARACTER_SET_RESULTS=@@CHARACTER_SET_RESULTS */;
/*!40101 SET @OLD_COLLATION_CONNECTION=@@COLLATION_CONNECTION */;
/*!40101 SET NAMES utf8 */;
/*!40103 SET @OLD_TIME_ZONE=@@TIME_ZONE */;
/*!40103 SET TIME_ZONE='+00:00' */;
/*!40014 SET @OLD_UNIQUE_CHECKS=@@UNIQUE_CHECKS, UNIQUE_CHECKS=0 */;
/*!40014 SET @OLD_FOREIGN_KEY_CHECKS=@@FOREIGN_KEY_CHECKS, FOREIGN_KEY_CHECKS=0 */;
/*!40101 SET @OLD_SQL_MODE=@@SQL_MODE, SQL_MODE='NO_AUTO_VALUE_ON_ZERO' */;
/*!40111 SET @OLD_SQL_NOTES=@@SQL_NOTES, SQL_NOTES=0 */;

--
-- Table structure for table `company`
--

DROP TABLE IF EXISTS `company`;
/*!40101 SET @saved_cs_client     = @@character_set_client */;
/*!40101 SET character_set_client = utf8 */;
CREATE TABLE `company` (
  `id` int(11) NOT NULL AUTO_INCREMENT,
  `title` varchar(255) NOT NULL,
  `description` text NOT NULL,
  `phone_number` varchar(20) NOT NULL,
  `zip_code` varchar(20) NOT NULL,
  `address` varchar(255) NOT NULL,
  `id_state` int(11) NOT NULL,
  `id_city` int(11) NOT NULL,
  PRIMARY KEY (`id`),
  KEY `id_city` (`id_city`),
  KEY `id_state` (`id_state`),
  CONSTRAINT `company_ibfk_1` FOREIGN KEY (`id_city`) REFERENCES `ibge_city` (`id`),
  CONSTRAINT `company_ibfk_2` FOREIGN KEY (`id_state`) REFERENCES `ibge_state` (`id`)
) ENGINE=InnoDB AUTO_INCREMENT=18 DEFAULT CHARSET=utf8;
/*!40101 SET character_set_client = @saved_cs_client */;

--
-- Dumping data for table `company`
--

LOCK TABLES `company` WRITE;
/*!40000 ALTER TABLE `company` DISABLE KEYS */;
INSERT INTO `company` VALUES (6,'Saúde & Cia','A Saúde & Cia. surgiu da iniciativa de um educador físico e um médico pneumologista, o Dr. Sebastião Antonio Benetti, com o objetivo de promover saúde e bem-estar aos seus clientes.\r\n\r\nA Academia foi inaugurada em janeiro de 1998 com instalações confortáveis e atendimento de alto nível, a demanda tornou o espaço restrito e para atender às necessidades dos clientes em 2003, a área da academia foi duplicada, passando a contar com amplas instalações e estacionamento coberto numa área de 1.400 m2.\r\n\r\nAtualmente, a academia mantém seu objetivo inicial. Promover bem-estar, qualidade de vida e saúde com alto padrão de qualidade de prestação de serviços buscando sempre a satisfação de nossos clientes e colaboradores.','(14) 3234-3534','17012-460','Rua Caetano Sampieri, 4-80 Vl. Universitária',25,566),(7,'Bauru Fórmulas','Fundada em 2003, a Bauru Fórmulas Farmácia de Manipulação de Fórmulas LTDA – ME se concretizou no mercado após apostar num atendimento diferenciado ao cliente, onde sua satisfação fosse nossa marca registrada. Para isso fazemos treinamentos constantes com os nossos colaboradores a fim de atualizá-los e motivá-los.\r\n\r\nA Bauru Fórmulas fez parte do Sistema Nacional de Aperfeiçoamento e Monitoramento Magistral (SINAMM), desenvolvido em 2006. A iniciativa foi da Associação Nacional de Farmacêuticos Magistrais (Anfarmag) e permitiu ao setor iniciar um vigoroso processo para criar novos padrões sobre os critérios de excelência farmacêutica em termos técnicos, científicos, de segurança para o consumidor e do gerenciamento da farmácia.\r\n\r\nA saber, o SINAMM é composto pelos programas de Educação Continuada Técnica e Gerencial, Critérios para Escolha de Excipientes, Fichas de Referência de Insumos Farmacêuticos e Procedimentos Operacionais Padrão, Controle de Qualidade de matérias-primas e produtos acabados. Além da qualificação de fornecedores de matérias-primas, embalagens, produtos e serviços.','(14) 3223-4455','17012-191','Alameda Dr. Octávio Pinheiro Brisolla, 11-29 - Vila Nova Cidade Universitaria',25,566),(8,'Black Hostel','Uma inovadora forma de se Hospedar! Nossa casa mistura o clássico e o contemporâneo e serviços de Hotel, mas sem perder a essência de Hostel. Consulte-nos!','(14) 9978-96633','17012-390','R. Ana Caciola, 160 - Vila Universitaria',25,566),(9,'Grão 3','Unir pessoas, sabores e experiências em um só lugar, esse foi o início do projeto “Grão 3”, que está em Bauru desde 2014.\r\nDestinado não somente aos prazeres de um bom cardápio, mas também um espaço aberto para quem aprecia uma boa cozinha e quer aprender mais sobre técnicas e práticas do universo gastronômico!','(14) 3879-4007','17012-360','R. Antônio Alves, 32-86 - Vila Guedes de Azevedo',25,566),(10,'Zammer Sorvetes','Acreditamos que a paixão pelo que fazemos aliada à criatividade e a busca constante por melhorias são os fatores responsáveis pela qualidade de nossos produtos e atendimento.','(14) 3879-4101','17017-337','Av. Nossa Sra. de Fátima, 18-82',25,566),(11,'Restaurante Tayu','Em 1986, Silvia Aparecida Rapozo inaugurou em Lins o primeiro restaurante Tayu. Desde sua criação, o Tayu buscou ser especial e oferecer aos seus clientes um serviço diferenciado, com a escolha de um cardápio até então inexistente em Lins – a cozinha chinesa. O nome Tayu é inspirado em uma carta do Tarô com o expressivo significado de “Grandeza, Riqueza e Prosperidade” no sentido espiritual.\r\nDepois de um ano em Lins, o restaurante foi transferido para Bauru. Em 1987, data da Fundação em Bauru, o Tayu começou a atender seus clientes na “chácara dos Martha”.\r\n\r\nEm 1990, Silvia passou a administração do restaurante para seus filhos Gustavo e Igor, atuais proprietários do restaurante. Nessa época foram implementados pratos da cozinha tradicional e dinamizou-se a cozinha chinesa.\r\n\r\nEm 2001, foi inaugurado o atual prédio do restaurante projetado pelo arquiteto Jurandyr Bueno Filho.\r\n\r\nEm 2011, o Tayu completa 24 anos na cidade de Bauru, são mais de duas décadas de tradição e dedicação à culinária, trabalhando pratos novos e apurando os tradicionais.','(14) 3224-3685','17018-713','R. José Antônio Braga, 2-77 - Vila Aviação',25,566),(12,'94FM','A Rádio 94 FM foi inaugurada em 05 de maio de 1978, no dia das Comunicações e por isso recebeu o nome de Rádio Comunicação FM Estéreo Ltda. A 94 foi a primeira FM de Bauru e região.\r\n\r\nA 94 também foi pioneira na Internet, sendo a primeira a ter uma home page (site) disponibilizando sua programação \"on line\" no endereço 94fm.com.br.\r\n\r\nSua potência é de 10 mil watts, com quatro elementos na antena, o que proporciona uma cobertura num raio de aproximadamente 150 km, variando a qualidade da recepção conforme a região.','(14) 2108-9490','17012-647','R. Marcos Augusto Genoves Serra, 3-35 - Vila Regina',25,566),(13,'Carmelina','A Carmelina foi criada em 2010, primeiro com uma loja de rua, onde desde o começo nos empenhamos em buscar uma moda bem descolada e com um preço justo para nossas clientes. Depois de um ano, abrimos a segunda loja, no Bauru Shopping, e continuamos na busca pelas peças mais bacanas e atuais do cenário da moda.\r\n\r\nEntão nossas clientes de outras cidades e estados começaram a nos procurar, querendo comprar a distância, porque não podiam viver sem nossos achados! Portanto em 2014, inauguramos nossa loja on-line, e agora ficamos felizes de poder enviar para vocês, junto com nossas peças, um pouquinho da nossa mágica! Mágica que faz a gente se sentir linda e confiante, que faz a gente se sentir amada e valorizada, que faz a gente se sentir FELIZ!\r\n\r\nSinta-se em casa na Carmelina! É muito bom ter você aqui! Boas compras!','(14) 3245-5755','17012-205','R. Henrique Savi, 15-55 - Loja 3',25,566),(14,'Bárbara Boutique','Conta a mitologia grega que Himeneu, o deus do casamento, era filho dos mais belos deuses, Apolo e Afrodite. Tendo libertado donzelas sequestradas por piratas, o também belo Himeneu recebeu como recompensa o direito de casar-se com aquela que amava e, por isso, dedica-se a trazer essa mesma felicidade do matrimônio a todos os casamentos em que estiver convidado.\r\n\r\nA tarefa de vestir a protagonista de um evento tão importante é, também, heroica e, sabedoras dessa responsabilidade, as proprietárias da Bárbara Boutique não medem esforços no propósito de ajudar a realizar os sonhos de muitas noivas. Para isso, oferecem o que há de melhor no segmento de vestidos de noiva, nacionais e importados.\r\n\r\n \r\nA Bárbara Boutique trabalha, portanto, com as marcas Vera Wang (que vestiu Chelsea Clinton), Allure Bridals, Jovani bem como as criações do mundialmente famoso Oleg Cassini. \r\n\r\nPor ser um sonho, muitas vezes, compartilhado, a Bárbara Boutique também oferece o que há de melhor para as madrinhas e convidadas. Temos, portanto, vestidos Calvin Klein, Tadashi Shoji e também Marchesa, assinaturas que têm emoldurado o corpo de celebridades de Hollywood e ganhadoras do Oscar.\r\n\r\nSe a origem do casamento é a mais pura beleza, a Bárbara Boutique garante que você, noiva ou convidada, perpetue essa tradição!','(14) 3223-4649','17012-191','Alameda Doutor Otávio Pinheiro Brisola, 14-21',25,566),(15,'The One Sports Bar & Grill','Restaurante estilo Sports Bar e Grill. Exibe jogos dos principais campeonatos mundiais e oferece o melhor da gastronomia norte americana.','(14) 3206-3519','17012-191','Alameda Dr. Octávio Pinheiro Brisolla, 1759',25,566),(16,'Grizoni','á mais de 35 anos atuando no ramo de veículos em Bauru, com tradição e confiabilidade, hoje a Grizoni se localiza no principal corredor comercial da cidade, tendo sua sede própria com mais de 1.600 m², sinônimo de qualidade e certeza de bons negócios com total segurança para seus clientes.\r\n\r\n \r\n\r\nTrabalhamos com vendas, trocas, consignação e financiamento de veículos novos ou seminovos.\r\n\r\n \r\n\r\nFaça-nos uma visita e conheça nossa loja, com amplo espaço e muito mais conforto para nossos clientes.','(14) 3227-0052','17017-339','Av. Getúlio Vargas, 9-60 - Jardim America',25,566),(17,'NB SPORTS','raquetes, tenis, bolas, chuteiras, asics, mizuno, nike, adidas, all star, macboot, ecoboot, new balance, babolat, wilson, prince, yonex, head, bibi, klin, ortopasso, crocs.','(14) 3204-8010','17017-332','Rua Doutor Fuas de Mattos Sabino, 8 - Jardim America',25,566);
/*!40000 ALTER TABLE `company` ENABLE KEYS */;
UNLOCK TABLES;

--
-- Table structure for table `company_categories`
--

DROP TABLE IF EXISTS `company_categories`;
/*!40101 SET @saved_cs_client     = @@character_set_client */;
/*!40101 SET character_set_client = utf8 */;
CREATE TABLE `company_categories` (
  `id_company` int(11) NOT NULL,
  `id_category` int(11) NOT NULL,
  PRIMARY KEY (`id_company`,`id_category`),
  KEY `id_category` (`id_category`),
  CONSTRAINT `company_categories_ibfk_1` FOREIGN KEY (`id_company`) REFERENCES `company` (`id`),
  CONSTRAINT `company_categories_ibfk_2` FOREIGN KEY (`id_category`) REFERENCES `company_category` (`id`)
) ENGINE=InnoDB DEFAULT CHARSET=latin1;
/*!40101 SET character_set_client = @saved_cs_client */;

--
-- Dumping data for table `company_categories`
--

LOCK TABLES `company_categories` WRITE;
/*!40000 ALTER TABLE `company_categories` DISABLE KEYS */;
INSERT INTO `company_categories` VALUES (16,1),(6,2),(13,2),(14,2),(8,3),(12,3),(15,3),(9,4),(10,4),(11,4),(15,4),(7,5),(15,6),(17,6),(8,7);
/*!40000 ALTER TABLE `company_categories` ENABLE KEYS */;
UNLOCK TABLES;

--
-- Table structure for table `company_category`
--

DROP TABLE IF EXISTS `company_category`;
/*!40101 SET @saved_cs_client     = @@character_set_client */;
/*!40101 SET character_set_client = utf8 */;
CREATE TABLE `company_category` (
  `id` int(11) NOT NULL AUTO_INCREMENT,
  `title` varchar(255) NOT NULL,
  PRIMARY KEY (`id`),
  UNIQUE KEY `title` (`title`)
) ENGINE=InnoDB AUTO_INCREMENT=15 DEFAULT CHARSET=utf8;
/*!40101 SET character_set_client = @saved_cs_client */;

--
-- Dumping data for table `company_category`
--

LOCK TABLES `company_category` WRITE;
/*!40000 ALTER TABLE `company_category` DISABLE KEYS */;
INSERT INTO `company_category` VALUES (1,'Auto'),(2,'Beauty and Fitness'),(3,'Entertainment'),(4,'Food and Dinign'),(5,'Health'),(6,'Sports'),(7,'Travel');
/*!40000 ALTER TABLE `company_category` ENABLE KEYS */;
UNLOCK TABLES;

--
-- Table structure for table `ibge_city`
--

DROP TABLE IF EXISTS `ibge_city`;
/*!40101 SET @saved_cs_client     = @@character_set_client */;
/*!40101 SET character_set_client = utf8 */;
CREATE TABLE `ibge_city` (
  `id` int(11) NOT NULL,
  `id_state` int(11) NOT NULL,
  `code` int(11) NOT NULL,
  `name` varchar(300) NOT NULL,
  `uf` varchar(2) DEFAULT NULL,
  PRIMARY KEY (`id`),
  KEY `id_state` (`id_state`),
  CONSTRAINT `ibge_city_ibfk_1` FOREIGN KEY (`id_state`) REFERENCES `ibge_state` (`id`)
) ENGINE=InnoDB DEFAULT CHARSET=utf8;
/*!40101 SET character_set_client = @saved_cs_client */;

--
-- Dumping data for table `ibge_city`
--

LOCK TABLES `ibge_city` WRITE;
/*!40000 ALTER TABLE `ibge_city` DISABLE KEYS */;
INSERT INTO `ibge_city` VALUES (1,9,5200050,'Abadia de Goiás','GO'),(2,13,3100104,'Abadia dos Dourados','MG'),(3,9,5200100,'Abadiânia','GO'),(4,13,3100203,'Abaeté','MG'),(5,14,1500107,'Abaetetuba','PA'),(6,6,2300101,'Abaiara','CE'),(7,5,2900108,'Abaíra','BA'),(8,5,2900207,'Abaré','BA'),(9,16,4100103,'Abatiá','PR'),(10,24,4200051,'Abdon Batista','SC'),(11,14,1500131,'Abel Figueiredo','PA'),(12,24,4200101,'Abelardo Luz','SC'),(13,13,3100302,'Abre Campo','MG'),(14,17,2600054,'Abreu e Lima','PE'),(15,27,1700251,'Abreulândia','TO'),(16,13,3100401,'Acaiaca','MG'),(17,10,2100055,'Açailândia','MA'),(18,5,2900306,'Acajutiba','BA'),(19,14,1500206,'Acará','PA'),(20,6,2300150,'Acarape','CE'),(21,6,2300200,'Acaraú','CE'),(22,20,2400109,'Acari','RN'),(23,18,2200053,'Acauã','PI'),(24,21,4300034,'Aceguá','RS'),(25,6,2300309,'Acopiara','CE'),(26,11,5100102,'Acorizal','MT'),(27,1,1200013,'Acrelândia','AC'),(28,9,5200134,'Acreúna','GO'),(29,20,2400208,'Açu','RN'),(30,13,3100500,'Açucena','MG'),(31,25,3500105,'Adamantina','SP'),(32,9,5200159,'Adelândia','GO'),(33,25,3500204,'Adolfo','SP'),(34,16,4100202,'Adrianópolis','PR'),(35,5,2900355,'Adustina','BA'),(36,17,2600104,'Afogados da Ingazeira','PE'),(37,20,2400307,'Afonso Bezerra','RN'),(38,8,3200102,'Afonso Cláudio','ES'),(39,10,2100105,'Afonso Cunha','MA'),(40,17,2600203,'Afrânio','PE'),(41,14,1500305,'Afuá','PA'),(42,17,2600302,'Agrestina','PE'),(43,18,2200103,'Agricolândia','PI'),(44,24,4200200,'Agrolândia','SC'),(45,24,4200309,'Agronômica','SC'),(46,14,1500347,'Água Azul do Norte','PA'),(47,13,3100609,'Água Boa','MG'),(48,11,5100201,'Água Boa','MT'),(49,2,2700102,'Água Branca','AL'),(50,15,2500106,'Água Branca','PB'),(51,18,2200202,'Água Branca','PI'),(52,12,5000203,'Água Clara','MS'),(53,13,3100708,'Água Comprida','MG'),(54,24,4200408,'Água Doce','SC'),(55,10,2100154,'Água Doce do Maranhão','MA'),(56,8,3200169,'Água Doce do Norte','ES'),(57,5,2900405,'Água Fria','BA'),(58,9,5200175,'Água Fria de Goiás','GO'),(59,9,5200209,'Água Limpa','GO'),(60,20,2400406,'Água Nova','RN'),(61,17,2600401,'Água Preta','PE'),(62,21,4300059,'Água Santa','RS'),(63,25,3500303,'Aguaí','SP'),(64,13,3100807,'Aguanil','MG'),(65,17,2600500,'Águas Belas','PE'),(66,25,3500402,'Águas da Prata','SP'),(67,24,4200507,'Águas de Chapecó','SC'),(68,25,3500501,'Águas de Lindóia','SP'),(69,25,3500550,'Águas de Santa Bárbara','SP'),(70,25,3500600,'Águas de São Pedro','SP'),(71,13,3100906,'Águas Formosas','MG'),(72,24,4200556,'Águas Frias','SC'),(73,9,5200258,'Águas Lindas de Goiás','GO'),(74,24,4200606,'Águas Mornas','SC'),(75,13,3101003,'Águas Vermelhas','MG'),(76,21,4300109,'Agudo','RS'),(77,25,3500709,'Agudos','SP'),(78,16,4100301,'Agudos do Sul','PR'),(79,8,3200136,'Águia Branca','ES'),(80,15,2500205,'Aguiar','PB'),(81,27,1700301,'Aguiarnópolis','TO'),(82,13,3101102,'Aimorés','MG'),(83,5,2900603,'Aiquara','BA'),(84,6,2300408,'Aiuaba','CE'),(85,13,3101201,'Aiuruoca','MG'),(86,21,4300208,'Ajuricaba','RS'),(87,13,3101300,'Alagoa','MG'),(88,15,2500304,'Alagoa Grande','PB'),(89,15,2500403,'Alagoa Nova','PB'),(90,15,2500502,'Alagoinha','PB'),(91,17,2600609,'Alagoinha','PE'),(92,18,2200251,'Alagoinha do Piauí','PI'),(93,5,2900702,'Alagoinhas','BA'),(94,25,3500758,'Alambari','SP'),(95,13,3101409,'Albertina','MG'),(96,10,2100204,'Alcântara','MA'),(97,6,2300507,'Alcântaras','CE'),(98,15,2500536,'Alcantil','PB'),(99,12,5000252,'Alcinópolis','MS'),(100,5,2900801,'Alcobaça','BA'),(101,10,2100303,'Aldeias Altas','MA'),(102,21,4300307,'Alecrim','RS'),(103,8,3200201,'Alegre','ES'),(104,21,4300406,'Alegrete','RS'),(105,18,2200277,'Alegrete do Piauí','PI'),(106,21,4300455,'Alegria','RS'),(107,13,3101508,'Além Paraíba','MG'),(108,14,1500404,'Alenquer','PA'),(109,20,2400505,'Alexandria','RN'),(110,9,5200308,'Alexânia','GO'),(111,13,3101607,'Alfenas','MG'),(112,8,3200300,'Alfredo Chaves','ES'),(113,25,3500808,'Alfredo Marcondes','SP'),(114,13,3101631,'Alfredo Vasconcelos','MG'),(115,24,4200705,'Alfredo Wagner','SC'),(116,15,2500577,'Algodão de Jandaíra','PB'),(117,15,2500601,'Alhandra','PB'),(118,17,2600708,'Aliança','PE'),(119,27,1700350,'Aliança do Tocantins','TO'),(120,5,2900900,'Almadina','BA'),(121,27,1700400,'Almas','TO'),(122,14,1500503,'Almeirim','PA'),(123,13,3101706,'Almenara','MG'),(124,20,2400604,'Almino Afonso','RN'),(125,16,4100400,'Almirante Tamandaré','PR'),(126,21,4300471,'Almirante Tamandaré do Sul','RS'),(127,9,5200506,'Aloândia','GO'),(128,13,3101805,'Alpercata','MG'),(129,21,4300505,'Alpestre','RS'),(130,13,3101904,'Alpinópolis','MG'),(131,11,5100250,'Alta Floresta','MT'),(132,22,1100015,'Alta Floresta D\'Oeste','RO'),(133,25,3500907,'Altair','SP'),(134,14,1500602,'Altamira','PA'),(135,10,2100402,'Altamira do Maranhão','MA'),(136,16,4100459,'Altamira do Paraná','PR'),(137,6,2300606,'Altaneira','CE'),(138,13,3102001,'Alterosa','MG'),(139,17,2600807,'Altinho','PE'),(140,25,3501004,'Altinópolis','SP'),(141,23,1400050,'Alto Alegre','RR'),(142,21,4300554,'Alto Alegre','RS'),(143,25,3501103,'Alto Alegre','SP'),(144,10,2100436,'Alto Alegre do Maranhão','MA'),(145,10,2100477,'Alto Alegre do Pindaré','MA'),(146,22,1100379,'Alto Alegre dos Parecis','RO'),(147,11,5100300,'Alto Araguaia','MT'),(148,24,4200754,'Alto Bela Vista','SC'),(149,11,5100359,'Alto Boa Vista','MT'),(150,13,3102050,'Alto Caparaó','MG'),(151,20,2400703,'Alto do Rodrigues','RN'),(152,21,4300570,'Alto Feliz','RS'),(153,11,5100409,'Alto Garças','MT'),(154,9,5200555,'Alto Horizonte','GO'),(155,13,3153509,'Alto Jequitibá','MG'),(156,18,2200301,'Alto Longá','PI'),(157,11,5100508,'Alto Paraguai','MT'),(158,16,4128625,'Alto Paraíso','PR'),(159,22,1100403,'Alto Paraíso','RO'),(160,9,5200605,'Alto Paraíso de Goiás','GO'),(161,16,4100608,'Alto Paraná','PR'),(162,10,2100501,'Alto Parnaíba','MA'),(163,16,4100707,'Alto Piquiri','PR'),(164,13,3102100,'Alto Rio Doce','MG'),(165,8,3200359,'Alto Rio Novo','ES'),(166,6,2300705,'Alto Santo','CE'),(167,11,5100607,'Alto Taquari','MT'),(168,16,4100509,'Altônia','PR'),(169,18,2200400,'Altos','PI'),(170,25,3501152,'Alumínio','SP'),(171,4,1300029,'Alvarães','AM'),(172,13,3102209,'Alvarenga','MG'),(173,25,3501202,'Álvares Florence','SP'),(174,25,3501301,'Álvares Machado','SP'),(175,25,3501400,'Álvaro de Carvalho','SP'),(176,25,3501509,'Alvinlândia','SP'),(177,13,3102308,'Alvinópolis','MG'),(178,21,4300604,'Alvorada','RS'),(179,27,1700707,'Alvorada','TO'),(180,13,3102407,'Alvorada de Minas','MG'),(181,18,2200459,'Alvorada do Gurguéia','PI'),(182,9,5200803,'Alvorada do Norte','GO'),(183,16,4100806,'Alvorada do Sul','PR'),(184,22,1100346,'Alvorada D\'Oeste','RO'),(185,23,1400027,'Amajari','RR'),(186,12,5000609,'Amambai','MS'),(187,3,1600105,'Amapá','AP'),(188,10,2100550,'Amapá do Maranhão','MA'),(189,16,4100905,'Amaporã','PR'),(190,17,2600906,'Amaraji','PE'),(191,21,4300638,'Amaral Ferrador','RS'),(192,9,5200829,'Amaralina','GO'),(193,18,2200509,'Amarante','PI'),(194,10,2100600,'Amarante do Maranhão','MA'),(195,5,2901007,'Amargosa','BA'),(196,4,1300060,'Amaturá','AM'),(197,5,2901106,'Amélia Rodrigues','BA'),(198,5,2901155,'América Dourada','BA'),(199,25,3501608,'Americana','SP'),(200,9,5200852,'Americano do Brasil','GO'),(201,25,3501707,'Américo Brasiliense','SP'),(202,25,3501806,'Américo de Campos','SP'),(203,21,4300646,'Ametista do Sul','RS'),(204,6,2300754,'Amontada','CE'),(205,9,5200902,'Amorinópolis','GO'),(206,15,2500734,'Amparo','PB'),(207,25,3501905,'Amparo','SP'),(208,26,2800100,'Amparo de São Francisco','SE'),(209,13,3102506,'Amparo do Serra','MG'),(210,16,4101002,'Ampére','PR'),(211,2,2700201,'Anadia','AL'),(212,5,2901205,'Anagé','BA'),(213,16,4101051,'Anahy','PR'),(214,14,1500701,'Anajás','PA'),(215,10,2100709,'Anajatuba','MA'),(216,25,3502002,'Analândia','SP'),(217,4,1300086,'Anamã','AM'),(218,27,1701002,'Ananás','TO'),(219,14,1500800,'Ananindeua','PA'),(220,9,5201108,'Anápolis','GO'),(221,14,1500859,'Anapu','PA'),(222,10,2100808,'Anapurus','MA'),(223,12,5000708,'Anastácio','MS'),(224,12,5000807,'Anaurilândia','MS'),(225,8,3200409,'Anchieta','ES'),(226,24,4200804,'Anchieta','SC'),(227,5,2901304,'Andaraí','BA'),(228,16,4101101,'Andirá','PR'),(229,5,2901353,'Andorinha','BA'),(230,13,3102605,'Andradas','MG'),(231,25,3502101,'Andradina','SP'),(232,21,4300661,'André da Rocha','RS'),(233,13,3102803,'Andrelândia','MG'),(234,25,3502200,'Angatuba','SP'),(235,13,3102852,'Angelândia','MG'),(236,12,5000856,'Angélica','MS'),(237,17,2601003,'Angelim','PE'),(238,24,4200903,'Angelina','SC'),(239,5,2901403,'Angical','BA'),(240,18,2200608,'Angical do Piauí','PI'),(241,27,1701051,'Angico','TO'),(242,20,2400802,'Angicos','RN'),(243,19,3300100,'Angra dos Reis','RJ'),(244,5,2901502,'Anguera','BA'),(245,16,4101150,'Ângulo','PR'),(246,9,5201207,'Anhanguera','GO'),(247,25,3502309,'Anhembi','SP'),(248,25,3502408,'Anhumas','SP'),(249,9,5201306,'Anicuns','GO'),(250,18,2200707,'Anísio de Abreu','PI'),(251,24,4201000,'Anita Garibaldi','SC'),(252,24,4201109,'Anitápolis','SC'),(253,4,1300102,'Anori','AM'),(254,21,4300703,'Anta Gorda','RS'),(255,5,2901601,'Antas','BA'),(256,16,4101200,'Antonina','PR'),(257,6,2300804,'Antonina do Norte','CE'),(258,18,2200806,'Antônio Almeida','PI'),(259,5,2901700,'Antônio Cardoso','BA'),(260,13,3102902,'Antônio Carlos','MG'),(261,24,4201208,'Antônio Carlos','SC'),(262,13,3103009,'Antônio Dias','MG'),(263,5,2901809,'Antônio Gonçalves','BA'),(264,12,5000906,'Antônio João','MS'),(265,20,2400901,'Antônio Martins','RN'),(266,16,4101309,'Antônio Olinto','PR'),(267,21,4300802,'Antônio Prado','RS'),(268,13,3103108,'Antônio Prado de Minas','MG'),(269,15,2500775,'Aparecida','PB'),(270,25,3502507,'Aparecida','SP'),(271,9,5201405,'Aparecida de Goiânia','GO'),(272,9,5201454,'Aparecida do Rio Doce','GO'),(273,27,1701101,'Aparecida do Rio Negro','TO'),(274,12,5001003,'Aparecida do Taboado','MS'),(275,25,3502606,'Aparecida d\'Oeste','SP'),(276,19,3300159,'Aperibé','RJ'),(277,8,3200508,'Apiacá','ES'),(278,11,5100805,'Apiacás','MT'),(279,25,3502705,'Apiaí','SP'),(280,10,2100832,'Apicum-Açu','MA'),(281,24,4201257,'Apiúna','SC'),(282,20,2401008,'Apodi','RN'),(283,5,2901908,'Aporá','BA'),(284,9,5201504,'Aporé','GO'),(285,5,2901957,'Apuarema','BA'),(286,16,4101408,'Apucarana','PR'),(287,4,1300144,'Apuí','AM'),(288,6,2300903,'Apuiarés','CE'),(289,26,2800209,'Aquidabã','SE'),(290,12,5001102,'Aquidauana','MS'),(291,6,2301000,'Aquiraz','CE'),(292,24,4201273,'Arabutã','SC'),(293,15,2500809,'Araçagi','PB'),(294,13,3103207,'Araçaí','MG'),(295,26,2800308,'Aracaju','SE'),(296,25,3502754,'Araçariguama','SP'),(297,5,2902054,'Araças','BA'),(298,6,2301109,'Aracati','CE'),(299,5,2902005,'Aracatu','BA'),(300,25,3502804,'Araçatuba','SP'),(301,5,2902104,'Araci','BA'),(302,13,3103306,'Aracitaba','MG'),(303,6,2301208,'Aracoiaba','CE'),(304,17,2601052,'Araçoiaba','PE'),(305,25,3502903,'Araçoiaba da Serra','SP'),(306,8,3200607,'Aracruz','ES'),(307,9,5201603,'Araçu','GO'),(308,13,3103405,'Araçuaí','MG'),(309,9,5201702,'Aragarças','GO'),(310,9,5201801,'Aragoiânia','GO'),(311,27,1701309,'Aragominas','TO'),(312,27,1701903,'Araguacema','TO'),(313,27,1702000,'Araguaçu','TO'),(314,11,5101001,'Araguaiana','MT'),(315,27,1702109,'Araguaína','TO'),(316,11,5101209,'Araguainha','MT'),(317,10,2100873,'Araguanã','MA'),(318,27,1702158,'Araguanã','TO'),(319,9,5202155,'Araguapaz','GO'),(320,13,3103504,'Araguari','MG'),(321,27,1702208,'Araguatins','TO'),(322,10,2100907,'Araioses','MA'),(323,12,5001243,'Aral Moreira','MS'),(324,5,2902203,'Aramari','BA'),(325,21,4300851,'Arambaré','RS'),(326,10,2100956,'Arame','MA'),(327,25,3503000,'Aramina','SP'),(328,25,3503109,'Arandu','SP'),(329,13,3103603,'Arantina','MG'),(330,25,3503158,'Arapeí','SP'),(331,2,2700300,'Arapiraca','AL'),(332,27,1702307,'Arapoema','TO'),(333,13,3103702,'Araponga','MG'),(334,16,4101507,'Arapongas','PR'),(335,13,3103751,'Araporã','MG'),(336,16,4101606,'Arapoti','PR'),(337,13,3103801,'Arapuá','MG'),(338,16,4101655,'Arapuã','PR'),(339,11,5101258,'Araputanga','MT'),(340,24,4201307,'Araquari','SC'),(341,15,2500908,'Arara','PB'),(342,24,4201406,'Araranguá','SC'),(343,25,3503208,'Araraquara','SP'),(344,25,3503307,'Araras','SP'),(345,6,2301257,'Ararendá','CE'),(346,10,2101004,'Arari','MA'),(347,21,4300877,'Araricá','RS'),(348,6,2301307,'Araripe','CE'),(349,17,2601102,'Araripina','PE'),(350,19,3300209,'Araruama','RJ'),(351,15,2501005,'Araruna','PB'),(352,16,4101705,'Araruna','PR'),(353,5,2902252,'Arataca','BA'),(354,21,4300901,'Aratiba','RS'),(355,6,2301406,'Aratuba','CE'),(356,5,2902302,'Aratuípe','BA'),(357,26,2800407,'Arauá','SE'),(358,16,4101804,'Araucária','PR'),(359,13,3103900,'Araújos','MG'),(360,13,3104007,'Araxá','MG'),(361,13,3104106,'Arceburgo','MG'),(362,25,3503356,'Arco-Íris','SP'),(363,13,3104205,'Arcos','MG'),(364,17,2601201,'Arcoverde','PE'),(365,13,3104304,'Areado','MG'),(366,19,3300225,'Areal','RJ'),(367,25,3503406,'Arealva','SP'),(368,15,2501104,'Areia','PB'),(369,20,2401107,'Areia Branca','RN'),(370,26,2800506,'Areia Branca','SE'),(371,15,2501153,'Areia de Baraúnas','PB'),(372,15,2501203,'Areial','PB'),(373,25,3503505,'Areias','SP'),(374,25,3503604,'Areiópolis','SP'),(375,11,5101308,'Arenápolis','MT'),(376,9,5202353,'Arenópolis','GO'),(377,20,2401206,'Arês','RN'),(378,13,3104403,'Argirita','MG'),(379,13,3104452,'Aricanduva','MG'),(380,13,3104502,'Arinos','MG'),(381,11,5101407,'Aripuanã','MT'),(382,22,1100023,'Ariquemes','RO'),(383,25,3503703,'Ariranha','SP'),(384,16,4101853,'Ariranha do Ivaí','PR'),(385,19,3300233,'Armação dos Búzios','RJ'),(386,24,4201505,'Armazém','SC'),(387,6,2301505,'Arneiroz','CE'),(388,18,2200905,'Aroazes','PI'),(389,15,2501302,'Aroeiras','PB'),(390,18,2200954,'Aroeiras do Itaim','PI'),(391,18,2201002,'Arraial','PI'),(392,19,3300258,'Arraial do Cabo','RJ'),(393,27,1702406,'Arraias','TO'),(394,21,4301008,'Arroio do Meio','RS'),(395,21,4301073,'Arroio do Padre','RS'),(396,21,4301057,'Arroio do Sal','RS'),(397,21,4301206,'Arroio do Tigre','RS'),(398,21,4301107,'Arroio dos Ratos','RS'),(399,21,4301305,'Arroio Grande','RS'),(400,24,4201604,'Arroio Trinta','SC'),(401,25,3503802,'Artur Nogueira','SP'),(402,9,5202502,'Aruanã','GO'),(403,25,3503901,'Arujá','SP'),(404,24,4201653,'Arvoredo','SC'),(405,21,4301404,'Arvorezinha','RS'),(406,24,4201703,'Ascurra','SC'),(407,25,3503950,'Aspásia','SP'),(408,16,4101903,'Assaí','PR'),(409,6,2301604,'Assaré','CE'),(410,25,3504008,'Assis','SP'),(411,1,1200054,'Assis Brasil','AC'),(412,16,4102000,'Assis Chateaubriand','PR'),(413,15,2501351,'Assunção','PB'),(414,18,2201051,'Assunção do Piauí','PI'),(415,13,3104601,'Astolfo Dutra','MG'),(416,16,4102109,'Astorga','PR'),(417,2,2700409,'Atalaia','AL'),(418,16,4102208,'Atalaia','PR'),(419,4,1300201,'Atalaia do Norte','AM'),(420,24,4201802,'Atalanta','SC'),(421,13,3104700,'Ataléia','MG'),(422,25,3504107,'Atibaia','SP'),(423,8,3200706,'Atilio Vivacqua','ES'),(424,27,1702554,'Augustinópolis','TO'),(425,14,1500909,'Augusto Corrêa','PA'),(426,13,3104809,'Augusto de Lima','MG'),(427,21,4301503,'Augusto Pestana','RS'),(428,20,2401305,'Augusto Severo','RN'),(429,21,4301552,'Áurea','RS'),(430,5,2902401,'Aurelino Leal','BA'),(431,25,3504206,'Auriflama','SP'),(432,9,5202601,'Aurilândia','GO'),(433,6,2301703,'Aurora','CE'),(434,24,4201901,'Aurora','SC'),(435,14,1500958,'Aurora do Pará','PA'),(436,27,1702703,'Aurora do Tocantins','TO'),(437,4,1300300,'Autazes','AM'),(438,25,3504305,'Avaí','SP'),(439,25,3504404,'Avanhandava','SP'),(440,25,3504503,'Avaré','SP'),(441,14,1501006,'Aveiro','PA'),(442,18,2201101,'Avelino Lopes','PI'),(443,9,5202809,'Avelinópolis','GO'),(444,10,2101103,'Axixá','MA'),(445,27,1702901,'Axixá do Tocantins','TO'),(446,27,1703008,'Babaçulândia','TO'),(447,10,2101202,'Bacabal','MA'),(448,10,2101251,'Bacabeira','MA'),(449,10,2101301,'Bacuri','MA'),(450,10,2101350,'Bacurituba','MA'),(451,25,3504602,'Bady Bassitt','SP'),(452,13,3104908,'Baependi','MG'),(453,21,4301602,'Bagé','RS'),(454,14,1501105,'Bagre','PA'),(455,15,2501401,'Baía da Traição','PB'),(456,20,2401404,'Baía Formosa','RN'),(457,5,2902500,'Baianópolis','BA'),(458,14,1501204,'Baião','PA'),(459,5,2902609,'Baixa Grande','BA'),(460,18,2201150,'Baixa Grande do Ribeiro','PI'),(461,6,2301802,'Baixio','CE'),(462,8,3200805,'Baixo Guandu','ES'),(463,25,3504701,'Balbinos','SP'),(464,13,3105004,'Baldim','MG'),(465,9,5203104,'Baliza','GO'),(466,24,4201950,'Balneário Arroio do Silva','SC'),(467,24,4202057,'Balneário Barra do Sul','SC'),(468,24,4202008,'Balneário Camboriú','SC'),(469,24,4202073,'Balneário Gaivota','SC'),(470,24,4212809,'Balneário Piçarras','SC'),(471,21,4301636,'Balneário Pinhal','RS'),(472,16,4102307,'Balsa Nova','PR'),(473,25,3504800,'Bálsamo','SP'),(474,10,2101400,'Balsas','MA'),(475,13,3105103,'Bambuí','MG'),(476,6,2301851,'Banabuiú','CE'),(477,25,3504909,'Bananal','SP'),(478,15,2501500,'Bananeiras','PB'),(479,13,3105202,'Bandeira','MG'),(480,13,3105301,'Bandeira do Sul','MG'),(481,24,4202081,'Bandeirante','SC'),(482,12,5001508,'Bandeirantes','MS'),(483,16,4102406,'Bandeirantes','PR'),(484,27,1703057,'Bandeirantes do Tocantins','TO'),(485,14,1501253,'Bannach','PA'),(486,5,2902658,'Banzaê','BA'),(487,21,4301651,'Barão','RS'),(488,25,3505005,'Barão de Antonina','SP'),(489,13,3105400,'Barão de Cocais','MG'),(490,21,4301701,'Barão de Cotegipe','RS'),(491,10,2101509,'Barão de Grajaú','MA'),(492,11,5101605,'Barão de Melgaço','MT'),(493,13,3105509,'Barão de Monte Alto','MG'),(494,21,4301750,'Barão do Triunfo','RS'),(495,15,2501534,'Baraúna','PB'),(496,20,2401453,'Baraúna','RN'),(497,13,3105608,'Barbacena','MG'),(498,6,2301901,'Barbalha','CE'),(499,25,3505104,'Barbosa','SP'),(500,16,4102505,'Barbosa Ferraz','PR'),(501,14,1501303,'Barcarena','PA'),(502,20,2401503,'Barcelona','RN'),(503,4,1300409,'Barcelos','AM'),(504,25,3505203,'Bariri','SP'),(505,5,2902708,'Barra','BA'),(506,24,4202099,'Barra Bonita','SC'),(507,25,3505302,'Barra Bonita','SP'),(508,5,2902807,'Barra da Estiva','BA'),(509,18,2201176,'Barra D\'Alcântara','PI'),(510,17,2601300,'Barra de Guabiraba','PE'),(511,15,2501609,'Barra de Santa Rosa','PB'),(512,15,2501575,'Barra de Santana','PB'),(513,2,2700508,'Barra de Santo Antônio','AL'),(514,8,3200904,'Barra de São Francisco','ES'),(515,2,2700607,'Barra de São Miguel','AL'),(516,15,2501708,'Barra de São Miguel','PB'),(517,11,5101704,'Barra do Bugres','MT'),(518,25,3505351,'Barra do Chapéu','SP'),(519,5,2902906,'Barra do Choça','BA'),(520,10,2101608,'Barra do Corda','MA'),(521,11,5101803,'Barra do Garças','MT'),(522,21,4301859,'Barra do Guarita','RS'),(523,16,4102703,'Barra do Jacaré','PR'),(524,5,2903003,'Barra do Mendes','BA'),(525,27,1703073,'Barra do Ouro','TO'),(526,19,3300308,'Barra do Piraí','RJ'),(527,21,4301875,'Barra do Quaraí','RS'),(528,21,4301909,'Barra do Ribeiro','RS'),(529,21,4301925,'Barra do Rio Azul','RS'),(530,5,2903102,'Barra do Rocha','BA'),(531,25,3505401,'Barra do Turvo','SP'),(532,26,2800605,'Barra dos Coqueiros','SE'),(533,21,4301958,'Barra Funda','RS'),(534,13,3105707,'Barra Longa','MG'),(535,19,3300407,'Barra Mansa','RJ'),(536,24,4202107,'Barra Velha','SC'),(537,16,4102604,'Barracão','PR'),(538,21,4301800,'Barracão','RS'),(539,18,2201200,'Barras','PI'),(540,6,2301950,'Barreira','CE'),(541,5,2903201,'Barreiras','BA'),(542,18,2201309,'Barreiras do Piauí','PI'),(543,4,1300508,'Barreirinha','AM'),(544,10,2101707,'Barreirinhas','MA'),(545,17,2601409,'Barreiros','PE'),(546,25,3505500,'Barretos','SP'),(547,25,3505609,'Barrinha','SP'),(548,6,2302008,'Barro','CE'),(549,5,2903235,'Barro Alto','BA'),(550,9,5203203,'Barro Alto','GO'),(551,18,2201408,'Barro Duro','PI'),(552,5,2903300,'Barro Preto','BA'),(553,5,2903276,'Barrocas','BA'),(554,27,1703107,'Barrolândia','TO'),(555,6,2302057,'Barroquinha','CE'),(556,21,4302006,'Barros Cassal','RS'),(557,13,3105905,'Barroso','MG'),(558,25,3505708,'Barueri','SP'),(559,25,3505807,'Bastos','SP'),(560,12,5001904,'Bataguassu','MS'),(561,2,2700706,'Batalha','AL'),(562,18,2201507,'Batalha','PI'),(563,25,3505906,'Batatais','SP'),(564,12,5002001,'Batayporã','MS'),(565,6,2302107,'Baturité','CE'),(566,25,3506003,'Bauru','SP'),(567,15,2501807,'Bayeux','PB'),(568,25,3506102,'Bebedouro','SP'),(569,6,2302206,'Beberibe','CE'),(570,6,2302305,'Bela Cruz','CE'),(571,12,5002100,'Bela Vista','MS'),(572,16,4102752,'Bela Vista da Caroba','PR'),(573,9,5203302,'Bela Vista de Goiás','GO'),(574,13,3106002,'Bela Vista de Minas','MG'),(575,10,2101772,'Bela Vista do Maranhão','MA'),(576,16,4102802,'Bela Vista do Paraíso','PR'),(577,18,2201556,'Bela Vista do Piauí','PI'),(578,24,4202131,'Bela Vista do Toldo','SC'),(579,10,2101731,'Belágua','MA'),(580,2,2700805,'Belém','AL'),(581,14,1501402,'Belém','PA'),(582,15,2501906,'Belém','PB'),(583,17,2601508,'Belém de Maria','PE'),(584,15,2502003,'Belém do Brejo do Cruz','PB'),(585,18,2201572,'Belém do Piauí','PI'),(586,17,2601607,'Belém do São Francisco','PE'),(587,19,3300456,'Belford Roxo','RJ'),(588,13,3106101,'Belmiro Braga','MG'),(589,5,2903409,'Belmonte','BA'),(590,24,4202156,'Belmonte','SC'),(591,5,2903508,'Belo Campo','BA'),(592,13,3106200,'Belo Horizonte','MG'),(593,17,2601706,'Belo Jardim','PE'),(594,2,2700904,'Belo Monte','AL'),(595,13,3106309,'Belo Oriente','MG'),(596,13,3106408,'Belo Vale','MG'),(597,14,1501451,'Belterra','PA'),(598,18,2201606,'Beneditinos','PI'),(599,10,2101806,'Benedito Leite','MA'),(600,24,4202206,'Benedito Novo','SC'),(601,14,1501501,'Benevides','PA'),(602,4,1300607,'Benjamin Constant','AM'),(603,21,4302055,'Benjamin Constant do Sul','RS'),(604,25,3506201,'Bento de Abreu','SP'),(605,20,2401602,'Bento Fernandes','RN'),(606,21,4302105,'Bento Gonçalves','RS'),(607,10,2101905,'Bequimão','MA'),(608,13,3106507,'Berilo','MG'),(609,13,3106655,'Berizal','MG'),(610,15,2502052,'Bernardino Batista','PB'),(611,25,3506300,'Bernardino de Campos','SP'),(612,10,2101939,'Bernardo do Mearim','MA'),(613,27,1703206,'Bernardo Sayão','TO'),(614,25,3506359,'Bertioga','SP'),(615,18,2201705,'Bertolínia','PI'),(616,13,3106606,'Bertópolis','MG'),(617,4,1300631,'Beruri','AM'),(618,17,2601805,'Betânia','PE'),(619,18,2201739,'Betânia do Piauí','PI'),(620,13,3106705,'Betim','MG'),(621,17,2601904,'Bezerros','PE'),(622,13,3106804,'Bias Fortes','MG'),(623,13,3106903,'Bicas','MG'),(624,24,4202305,'Biguaçu','SC'),(625,25,3506409,'Bilac','SP'),(626,13,3107000,'Biquinhas','MG'),(627,25,3506508,'Birigui','SP'),(628,25,3506607,'Biritiba-Mirim','SP'),(629,5,2903607,'Biritinga','BA'),(630,16,4102901,'Bituruna','PR'),(631,24,4202404,'Blumenau','SC'),(632,8,3201001,'Boa Esperança','ES'),(633,13,3107109,'Boa Esperança','MG'),(634,16,4103008,'Boa Esperança','PR'),(635,16,4103024,'Boa Esperança do Iguaçu','PR'),(636,25,3506706,'Boa Esperança do Sul','SP'),(637,18,2201770,'Boa Hora','PI'),(638,5,2903706,'Boa Nova','BA'),(639,15,2502102,'Boa Ventura','PB'),(640,16,4103040,'Boa Ventura de São Roque','PR'),(641,6,2302404,'Boa Viagem','CE'),(642,15,2502151,'Boa Vista','PB'),(643,23,1400100,'Boa Vista','RR'),(644,16,4103057,'Boa Vista da Aparecida','PR'),(645,21,4302154,'Boa Vista das Missões','RS'),(646,21,4302204,'Boa Vista do Buricá','RS'),(647,21,4302220,'Boa Vista do Cadeado','RS'),(648,10,2101970,'Boa Vista do Gurupi','MA'),(649,21,4302238,'Boa Vista do Incra','RS'),(650,4,1300680,'Boa Vista do Ramos','AM'),(651,21,4302253,'Boa Vista do Sul','RS'),(652,5,2903805,'Boa Vista do Tupim','BA'),(653,2,2701001,'Boca da Mata','AL'),(654,4,1300706,'Boca do Acre','AM'),(655,18,2201804,'Bocaina','PI'),(656,25,3506805,'Bocaina','SP'),(657,13,3107208,'Bocaina de Minas','MG'),(658,24,4202438,'Bocaina do Sul','SC'),(659,13,3107307,'Bocaiúva','MG'),(660,16,4103107,'Bocaiúva do Sul','PR'),(661,20,2401651,'Bodó','RN'),(662,17,2602001,'Bodocó','PE'),(663,12,5002159,'Bodoquena','MS'),(664,25,3506904,'Bofete','SP'),(665,25,3507001,'Boituva','SP'),(666,17,2602100,'Bom Conselho','PE'),(667,13,3107406,'Bom Despacho','MG'),(668,10,2102002,'Bom Jardim','MA'),(669,17,2602209,'Bom Jardim','PE'),(670,19,3300506,'Bom Jardim','RJ'),(671,24,4202503,'Bom Jardim da Serra','SC'),(672,9,5203401,'Bom Jardim de Goiás','GO'),(673,13,3107505,'Bom Jardim de Minas','MG'),(674,15,2502201,'Bom Jesus','PB'),(675,18,2201903,'Bom Jesus','PI'),(676,20,2401701,'Bom Jesus','RN'),(677,21,4302303,'Bom Jesus','RS'),(678,24,4202537,'Bom Jesus','SC'),(679,5,2903904,'Bom Jesus da Lapa','BA'),(680,13,3107604,'Bom Jesus da Penha','MG'),(681,5,2903953,'Bom Jesus da Serra','BA'),(682,10,2102036,'Bom Jesus das Selvas','MA'),(683,9,5203500,'Bom Jesus de Goiás','GO'),(684,13,3107703,'Bom Jesus do Amparo','MG'),(685,11,5101852,'Bom Jesus do Araguaia','MT'),(686,13,3107802,'Bom Jesus do Galho','MG'),(687,19,3300605,'Bom Jesus do Itabapoana','RJ'),(688,8,3201100,'Bom Jesus do Norte','ES'),(689,24,4202578,'Bom Jesus do Oeste','SC'),(690,16,4103156,'Bom Jesus do Sul','PR'),(691,14,1501576,'Bom Jesus do Tocantins','PA'),(692,27,1703305,'Bom Jesus do Tocantins','TO'),(693,25,3507100,'Bom Jesus dos Perdões','SP'),(694,10,2102077,'Bom Lugar','MA'),(695,21,4302352,'Bom Princípio','RS'),(696,18,2201919,'Bom Princípio do Piauí','PI'),(697,21,4302378,'Bom Progresso','RS'),(698,13,3107901,'Bom Repouso','MG'),(699,24,4202602,'Bom Retiro','SC'),(700,21,4302402,'Bom Retiro do Sul','RS'),(701,13,3108008,'Bom Sucesso','MG'),(702,15,2502300,'Bom Sucesso','PB'),(703,16,4103206,'Bom Sucesso','PR'),(704,25,3507159,'Bom Sucesso de Itararé','SP'),(705,16,4103222,'Bom Sucesso do Sul','PR'),(706,24,4202453,'Bombinhas','SC'),(707,13,3108107,'Bonfim','MG'),(708,23,1400159,'Bonfim','RR'),(709,18,2201929,'Bonfim do Piauí','PI'),(710,9,5203559,'Bonfinópolis','GO'),(711,13,3108206,'Bonfinópolis de Minas','MG'),(712,5,2904001,'Boninal','BA'),(713,5,2904050,'Bonito','BA'),(714,12,5002209,'Bonito','MS'),(715,14,1501600,'Bonito','PA'),(716,17,2602308,'Bonito','PE'),(717,13,3108255,'Bonito de Minas','MG'),(718,15,2502409,'Bonito de Santa Fé','PB'),(719,9,5203575,'Bonópolis','GO'),(720,15,2502508,'Boqueirão','PB'),(721,21,4302451,'Boqueirão do Leão','RS'),(722,18,2201945,'Boqueirão do Piauí','PI'),(723,26,2800670,'Boquim','SE'),(724,5,2904100,'Boquira','BA'),(725,25,3507209,'Borá','SP'),(726,25,3507308,'Boracéia','SP'),(727,4,1300805,'Borba','AM'),(728,15,2502706,'Borborema','PB'),(729,25,3507407,'Borborema','SP'),(730,13,3108305,'Borda da Mata','MG'),(731,25,3507456,'Borebi','SP'),(732,16,4103305,'Borrazópolis','PR'),(733,21,4302501,'Bossoroca','RS'),(734,13,3108404,'Botelhos','MG'),(735,25,3507506,'Botucatu','SP'),(736,13,3108503,'Botumirim','MG'),(737,5,2904209,'Botuporã','BA'),(738,24,4202701,'Botuverá','SC'),(739,21,4302584,'Bozano','RS'),(740,24,4202800,'Braço do Norte','SC'),(741,24,4202859,'Braço do Trombudo','SC'),(742,21,4302600,'Braga','RS'),(743,14,1501709,'Bragança','PA'),(744,25,3507605,'Bragança Paulista','SP'),(745,16,4103354,'Braganey','PR'),(746,2,2701100,'Branquinha','AL'),(747,13,3108701,'Brás Pires','MG'),(748,14,1501725,'Brasil Novo','PA'),(749,12,5002308,'Brasilândia','MS'),(750,13,3108552,'Brasilândia de Minas','MG'),(751,16,4103370,'Brasilândia do Sul','PR'),(752,27,1703602,'Brasilândia do Tocantins','TO'),(753,1,1200104,'Brasiléia','AC'),(754,18,2201960,'Brasileira','PI'),(755,7,5300108,'Brasília','DF'),(756,13,3108602,'Brasília de Minas','MG'),(757,11,5101902,'Brasnorte','MT'),(758,13,3108909,'Brasópolis','MG'),(759,25,3507704,'Braúna','SP'),(760,13,3108800,'Braúnas','MG'),(761,9,5203609,'Brazabrantes','GO'),(762,17,2602407,'Brejão','PE'),(763,8,3201159,'Brejetuba','ES'),(764,17,2602506,'Brejinho','PE'),(765,20,2401800,'Brejinho','RN'),(766,27,1703701,'Brejinho de Nazaré','TO'),(767,10,2102101,'Brejo','MA'),(768,25,3507753,'Brejo Alegre','SP'),(769,17,2602605,'Brejo da Madre de Deus','PE'),(770,10,2102150,'Brejo de Areia','MA'),(771,15,2502805,'Brejo do Cruz','PB'),(772,18,2201988,'Brejo do Piauí','PI'),(773,15,2502904,'Brejo dos Santos','PB'),(774,26,2800704,'Brejo Grande','SE'),(775,14,1501758,'Brejo Grande do Araguaia','PA'),(776,6,2302503,'Brejo Santo','CE'),(777,5,2904308,'Brejões','BA'),(778,5,2904407,'Brejolândia','BA'),(779,14,1501782,'Breu Branco','PA'),(780,14,1501808,'Breves','PA'),(781,9,5203807,'Britânia','GO'),(782,21,4302659,'Brochier','RS'),(783,25,3507803,'Brodowski','SP'),(784,25,3507902,'Brotas','SP'),(785,5,2904506,'Brotas de Macaúbas','BA'),(786,13,3109006,'Brumadinho','MG'),(787,5,2904605,'Brumado','BA'),(788,24,4202875,'Brunópolis','SC'),(789,24,4202909,'Brusque','SC'),(790,13,3109105,'Bueno Brandão','MG'),(791,13,3109204,'Buenópolis','MG'),(792,17,2602704,'Buenos Aires','PE'),(793,5,2904704,'Buerarema','BA'),(794,13,3109253,'Bugre','MG'),(795,17,2602803,'Buíque','PE'),(796,1,1200138,'Bujari','AC'),(797,14,1501907,'Bujaru','PA'),(798,25,3508009,'Buri','SP'),(799,25,3508108,'Buritama','SP'),(800,10,2102200,'Buriti','MA'),(801,9,5203906,'Buriti Alegre','GO'),(802,10,2102309,'Buriti Bravo','MA'),(803,9,5203939,'Buriti de Goiás','GO'),(804,27,1703800,'Buriti do Tocantins','TO'),(805,18,2202000,'Buriti dos Lopes','PI'),(806,18,2202026,'Buriti dos Montes','PI'),(807,10,2102325,'Buriticupu','MA'),(808,9,5203962,'Buritinópolis','GO'),(809,5,2904753,'Buritirama','BA'),(810,10,2102358,'Buritirana','MA'),(811,13,3109303,'Buritis','MG'),(812,22,1100452,'Buritis','RO'),(813,25,3508207,'Buritizal','SP'),(814,13,3109402,'Buritizeiro','MG'),(815,21,4302709,'Butiá','RS'),(816,4,1300839,'Caapiranga','AM'),(817,15,2503001,'Caaporã','PB'),(818,12,5002407,'Caarapó','MS'),(819,5,2904803,'Caatiba','BA'),(820,15,2503100,'Cabaceiras','PB'),(821,5,2904852,'Cabaceiras do Paraguaçu','BA'),(822,13,3109451,'Cabeceira Grande','MG'),(823,9,5204003,'Cabeceiras','GO'),(824,18,2202059,'Cabeceiras do Piauí','PI'),(825,15,2503209,'Cabedelo','PB'),(826,22,1100031,'Cabixi','RO'),(827,17,2602902,'Cabo de Santo Agostinho','PE'),(828,19,3300704,'Cabo Frio','RJ'),(829,13,3109501,'Cabo Verde','MG'),(830,25,3508306,'Cabrália Paulista','SP'),(831,25,3508405,'Cabreúva','SP'),(832,17,2603009,'Cabrobó','PE'),(833,24,4203006,'Caçador','SC'),(834,25,3508504,'Caçapava','SP'),(835,21,4302808,'Caçapava do Sul','RS'),(836,22,1100601,'Cacaulândia','RO'),(837,21,4302907,'Cacequi','RS'),(838,11,5102504,'Cáceres','MT'),(839,5,2904902,'Cachoeira','BA'),(840,9,5204102,'Cachoeira Alta','GO'),(841,13,3109600,'Cachoeira da Prata','MG'),(842,9,5204201,'Cachoeira de Goiás','GO'),(843,13,3109709,'Cachoeira de Minas','MG'),(844,13,3102704,'Cachoeira de Pajeú','MG'),(845,14,1502004,'Cachoeira do Arari','PA'),(846,14,1501956,'Cachoeira do Piriá','PA'),(847,21,4303004,'Cachoeira do Sul','RS'),(848,15,2503308,'Cachoeira dos Índios','PB'),(849,9,5204250,'Cachoeira Dourada','GO'),(850,13,3109808,'Cachoeira Dourada','MG'),(851,10,2102374,'Cachoeira Grande','MA'),(852,25,3508603,'Cachoeira Paulista','SP'),(853,19,3300803,'Cachoeiras de Macacu','RJ'),(854,17,2603108,'Cachoeirinha','PE'),(855,21,4303103,'Cachoeirinha','RS'),(856,27,1703826,'Cachoeirinha','TO'),(857,8,3201209,'Cachoeiro de Itapemirim','ES'),(858,15,2503407,'Cacimba de Areia','PB'),(859,15,2503506,'Cacimba de Dentro','PB'),(860,15,2503555,'Cacimbas','PB'),(861,2,2701209,'Cacimbinhas','AL'),(862,21,4303202,'Cacique Doble','RS'),(863,22,1100049,'Cacoal','RO'),(864,25,3508702,'Caconde','SP'),(865,9,5204300,'Caçu','GO'),(866,5,2905008,'Caculé','BA'),(867,5,2905107,'Caém','BA'),(868,13,3109907,'Caetanópolis','MG'),(869,5,2905156,'Caetanos','BA'),(870,13,3110004,'Caeté','MG'),(871,17,2603207,'Caetés','PE'),(872,5,2905206,'Caetité','BA'),(873,5,2905305,'Cafarnaum','BA'),(874,16,4103404,'Cafeara','PR'),(875,16,4103453,'Cafelândia','PR'),(876,25,3508801,'Cafelândia','SP'),(877,16,4103479,'Cafezal do Sul','PR'),(878,25,3508900,'Caiabu','SP'),(879,13,3110103,'Caiana','MG'),(880,9,5204409,'Caiapônia','GO'),(881,21,4303301,'Caibaté','RS'),(882,24,4203105,'Caibi','SC'),(883,15,2503605,'Caiçara','PB'),(884,21,4303400,'Caiçara','RS'),(885,20,2401859,'Caiçara do Norte','RN'),(886,20,2401909,'Caiçara do Rio do Vento','RN'),(887,20,2402006,'Caicó','RN'),(888,25,3509007,'Caieiras','SP'),(889,5,2905404,'Cairu','BA'),(890,25,3509106,'Caiuá','SP'),(891,25,3509205,'Cajamar','SP'),(892,10,2102408,'Cajapió','MA'),(893,10,2102507,'Cajari','MA'),(894,25,3509254,'Cajati','SP'),(895,15,2503704,'Cajazeiras','PB'),(896,18,2202075,'Cajazeiras do Piauí','PI'),(897,15,2503753,'Cajazeirinhas','PB'),(898,25,3509304,'Cajobi','SP'),(899,2,2701308,'Cajueiro','AL'),(900,18,2202083,'Cajueiro da Praia','PI'),(901,13,3110202,'Cajuri','MG'),(902,25,3509403,'Cajuru','SP'),(903,17,2603306,'Calçado','PE'),(904,3,1600204,'Calçoene','AP'),(905,13,3110301,'Caldas','MG'),(906,15,2503803,'Caldas Brandão','PB'),(907,9,5204508,'Caldas Novas','GO'),(908,9,5204557,'Caldazinha','GO'),(909,5,2905503,'Caldeirão Grande','BA'),(910,18,2202091,'Caldeirão Grande do Piauí','PI'),(911,16,4103503,'Califórnia','PR'),(912,24,4203154,'Calmon','SC'),(913,17,2603405,'Calumbi','PE'),(914,5,2905602,'Camacan','BA'),(915,5,2905701,'Camaçari','BA'),(916,13,3110400,'Camacho','MG'),(917,15,2503902,'Camalaú','PB'),(918,5,2905800,'Camamu','BA'),(919,13,3110509,'Camanducaia','MG'),(920,12,5002605,'Camapuã','MS'),(921,21,4303509,'Camaquã','RS'),(922,17,2603454,'Camaragibe','PE'),(923,21,4303558,'Camargo','RS'),(924,16,4103602,'Cambará','PR'),(925,21,4303608,'Cambará do Sul','RS'),(926,16,4103701,'Cambé','PR'),(927,16,4103800,'Cambira','PR'),(928,24,4203204,'Camboriú','SC'),(929,19,3300902,'Cambuci','RJ'),(930,13,3110608,'Cambuí','MG'),(931,13,3110707,'Cambuquira','MG'),(932,14,1502103,'Cametá','PA'),(933,6,2302602,'Camocim','CE'),(934,17,2603504,'Camocim de São Félix','PE'),(935,13,3110806,'Campanário','MG'),(936,13,3110905,'Campanha','MG'),(937,2,2701357,'Campestre','AL'),(938,13,3111002,'Campestre','MG'),(939,21,4303673,'Campestre da Serra','RS'),(940,9,5204607,'Campestre de Goiás','GO'),(941,10,2102556,'Campestre do Maranhão','MA'),(942,16,4103909,'Campina da Lagoa','PR'),(943,21,4303707,'Campina das Missões','RS'),(944,25,3509452,'Campina do Monte Alegre','SP'),(945,16,4103958,'Campina do Simão','PR'),(946,15,2504009,'Campina Grande','PB'),(947,16,4104006,'Campina Grande do Sul','PR'),(948,13,3111101,'Campina Verde','MG'),(949,9,5204656,'Campinaçu','GO'),(950,11,5102603,'Campinápolis','MT'),(951,25,3509502,'Campinas','SP'),(952,18,2202109,'Campinas do Piauí','PI'),(953,21,4303806,'Campinas do Sul','RS'),(954,9,5204706,'Campinorte','GO'),(955,2,2701407,'Campo Alegre','AL'),(956,24,4203303,'Campo Alegre','SC'),(957,9,5204805,'Campo Alegre de Goiás','GO'),(958,5,2905909,'Campo Alegre de Lourdes','BA'),(959,18,2202117,'Campo Alegre do Fidalgo','PI'),(960,13,3111150,'Campo Azul','MG'),(961,13,3111200,'Campo Belo','MG'),(962,24,4203402,'Campo Belo do Sul','SC'),(963,21,4303905,'Campo Bom','RS'),(964,16,4104055,'Campo Bonito','PR'),(965,26,2801009,'Campo do Brito','SE'),(966,13,3111309,'Campo do Meio','MG'),(967,16,4104105,'Campo do Tenente','PR'),(968,24,4203501,'Campo Erê','SC'),(969,13,3111408,'Campo Florido','MG'),(970,5,2906006,'Campo Formoso','BA'),(971,2,2701506,'Campo Grande','AL'),(972,12,5002704,'Campo Grande','MS'),(973,18,2202133,'Campo Grande do Piauí','PI'),(974,16,4104204,'Campo Largo','PR'),(975,18,2202174,'Campo Largo do Piauí','PI'),(976,9,5204854,'Campo Limpo de Goiás','GO'),(977,25,3509601,'Campo Limpo Paulista','SP'),(978,16,4104253,'Campo Magro','PR'),(979,18,2202208,'Campo Maior','PI'),(980,16,4104303,'Campo Mourão','PR'),(981,21,4304002,'Campo Novo','RS'),(982,22,1100700,'Campo Novo de Rondônia','RO'),(983,11,5102637,'Campo Novo do Parecis','MT'),(984,20,2402105,'Campo Redondo','RN'),(985,11,5102678,'Campo Verde','MT'),(986,13,3111507,'Campos Altos','MG'),(987,9,5204904,'Campos Belos','GO'),(988,21,4304101,'Campos Borges','RS'),(989,11,5102686,'Campos de Júlio','MT'),(990,25,3509700,'Campos do Jordão','SP'),(991,19,3301009,'Campos dos Goytacazes','RJ'),(992,13,3111606,'Campos Gerais','MG'),(993,27,1703842,'Campos Lindos','TO'),(994,24,4203600,'Campos Novos','SC'),(995,25,3509809,'Campos Novos Paulista','SP'),(996,6,2302701,'Campos Sales','CE'),(997,9,5204953,'Campos Verdes','GO'),(998,17,2603603,'Camutanga','PE'),(999,13,3111903,'Cana Verde','MG'),(1000,13,3111705,'Canaã','MG'),(1001,14,1502152,'Canaã dos Carajás','PA'),(1002,11,5102694,'Canabrava do Norte','MT'),(1003,25,3509908,'Cananéia','SP'),(1004,2,2701605,'Canapi','AL'),(1005,5,2906105,'Canápolis','BA'),(1006,13,3111804,'Canápolis','MG'),(1007,5,2906204,'Canarana','BA'),(1008,11,5102702,'Canarana','MT'),(1009,25,3509957,'Canas','SP'),(1010,18,2202251,'Canavieira','PI'),(1011,5,2906303,'Canavieiras','BA'),(1012,5,2906402,'Candeal','BA'),(1013,5,2906501,'Candeias','BA'),(1014,13,3112000,'Candeias','MG'),(1015,22,1100809,'Candeias do Jamari','RO'),(1016,21,4304200,'Candelária','RS'),(1017,5,2906600,'Candiba','BA'),(1018,16,4104402,'Cândido de Abreu','PR'),(1019,21,4304309,'Cândido Godói','RS'),(1020,10,2102606,'Cândido Mendes','MA'),(1021,25,3510005,'Cândido Mota','SP'),(1022,25,3510104,'Cândido Rodrigues','SP'),(1023,5,2906709,'Cândido Sales','BA'),(1024,21,4304358,'Candiota','RS'),(1025,16,4104428,'Candói','PR'),(1026,21,4304408,'Canela','RS'),(1027,24,4203709,'Canelinha','SC'),(1028,20,2402204,'Canguaretama','RN'),(1029,21,4304507,'Canguçu','RS'),(1030,26,2801108,'Canhoba','SE'),(1031,17,2603702,'Canhotinho','PE'),(1032,6,2302800,'Canindé','CE'),(1033,26,2801207,'Canindé de São Francisco','SE'),(1034,25,3510153,'Canitar','SP'),(1035,21,4304606,'Canoas','RS'),(1036,24,4203808,'Canoinhas','SC'),(1037,5,2906808,'Cansanção','BA'),(1038,23,1400175,'Cantá','RR'),(1039,13,3112059,'Cantagalo','MG'),(1040,16,4104451,'Cantagalo','PR'),(1041,19,3301108,'Cantagalo','RJ'),(1042,10,2102705,'Cantanhede','MA'),(1043,18,2202307,'Canto do Buriti','PI'),(1044,5,2906824,'Canudos','BA'),(1045,21,4304614,'Canudos do Vale','RS'),(1046,4,1300904,'Canutama','AM'),(1047,14,1502202,'Capanema','PA'),(1048,16,4104501,'Capanema','PR'),(1049,24,4203253,'Capão Alto','SC'),(1050,25,3510203,'Capão Bonito','SP'),(1051,21,4304622,'Capão Bonito do Sul','RS'),(1052,21,4304630,'Capão da Canoa','RS'),(1053,21,4304655,'Capão do Cipó','RS'),(1054,21,4304663,'Capão do Leão','RS'),(1055,13,3112109,'Caparaó','MG'),(1056,2,2701704,'Capela','AL'),(1057,26,2801306,'Capela','SE'),(1058,21,4304689,'Capela de Santana','RS'),(1059,25,3510302,'Capela do Alto','SP'),(1060,5,2906857,'Capela do Alto Alegre','BA'),(1061,13,3112208,'Capela Nova','MG'),(1062,13,3112307,'Capelinha','MG'),(1063,13,3112406,'Capetinga','MG'),(1064,15,2504033,'Capim','PB'),(1065,13,3112505,'Capim Branco','MG'),(1066,5,2906873,'Capim Grosso','BA'),(1067,13,3112604,'Capinópolis','MG'),(1068,24,4203907,'Capinzal','SC'),(1069,10,2102754,'Capinzal do Norte','MA'),(1070,6,2302909,'Capistrano','CE'),(1071,21,4304697,'Capitão','RS'),(1072,13,3112653,'Capitão Andrade','MG'),(1073,18,2202406,'Capitão de Campos','PI'),(1074,13,3112703,'Capitão Enéas','MG'),(1075,18,2202455,'Capitão Gervásio Oliveira','PI'),(1076,16,4104600,'Capitão Leônidas Marques','PR'),(1077,14,1502301,'Capitão Poço','PA'),(1078,13,3112802,'Capitólio','MG'),(1079,25,3510401,'Capivari','SP'),(1080,24,4203956,'Capivari de Baixo','SC'),(1081,21,4304671,'Capivari do Sul','RS'),(1082,1,1200179,'Capixaba','AC'),(1083,17,2603801,'Capoeiras','PE'),(1084,13,3112901,'Caputira','MG'),(1085,21,4304713,'Caraá','RS'),(1086,23,1400209,'Caracaraí','RR'),(1087,12,5002803,'Caracol','MS'),(1088,18,2202505,'Caracol','PI'),(1089,25,3510500,'Caraguatatuba','SP'),(1090,13,3113008,'Caraí','MG'),(1091,5,2906899,'Caraíbas','BA'),(1092,16,4104659,'Carambeí','PR'),(1093,13,3113107,'Caranaíba','MG'),(1094,13,3113206,'Carandaí','MG'),(1095,13,3113305,'Carangola','MG'),(1096,19,3300936,'Carapebus','RJ'),(1097,25,3510609,'Carapicuíba','SP'),(1098,13,3113404,'Caratinga','MG'),(1099,4,1301001,'Carauari','AM'),(1100,15,2504074,'Caraúbas','PB'),(1101,20,2402303,'Caraúbas','RN'),(1102,18,2202539,'Caraúbas do Piauí','PI'),(1103,5,2906907,'Caravelas','BA'),(1104,21,4304705,'Carazinho','RS'),(1105,13,3113503,'Carbonita','MG'),(1106,5,2907004,'Cardeal da Silva','BA'),(1107,25,3510708,'Cardoso','SP'),(1108,19,3301157,'Cardoso Moreira','RJ'),(1109,13,3113602,'Careaçu','MG'),(1110,4,1301100,'Careiro','AM'),(1111,4,1301159,'Careiro da Várzea','AM'),(1112,8,3201308,'Cariacica','ES'),(1113,6,2303006,'Caridade','CE'),(1114,18,2202554,'Caridade do Piauí','PI'),(1115,5,2907103,'Carinhanha','BA'),(1116,26,2801405,'Carira','SE'),(1117,6,2303105,'Cariré','CE'),(1118,27,1703867,'Cariri do Tocantins','TO'),(1119,6,2303204,'Caririaçu','CE'),(1120,6,2303303,'Cariús','CE'),(1121,11,5102793,'Carlinda','MT'),(1122,16,4104709,'Carlópolis','PR'),(1123,21,4304804,'Carlos Barbosa','RS'),(1124,13,3113701,'Carlos Chagas','MG'),(1125,21,4304853,'Carlos Gomes','RS'),(1126,13,3113800,'Carmésia','MG'),(1127,19,3301207,'Carmo','RJ'),(1128,13,3113909,'Carmo da Cachoeira','MG'),(1129,13,3114006,'Carmo da Mata','MG'),(1130,13,3114105,'Carmo de Minas','MG'),(1131,13,3114204,'Carmo do Cajuru','MG'),(1132,13,3114303,'Carmo do Paranaíba','MG'),(1133,13,3114402,'Carmo do Rio Claro','MG'),(1134,9,5205000,'Carmo do Rio Verde','GO'),(1135,27,1703883,'Carmolândia','TO'),(1136,26,2801504,'Carmópolis','SE'),(1137,13,3114501,'Carmópolis de Minas','MG'),(1138,17,2603900,'Carnaíba','PE'),(1139,20,2402402,'Carnaúba dos Dantas','RN'),(1140,20,2402501,'Carnaubais','RN'),(1141,6,2303402,'Carnaubal','CE'),(1142,17,2603926,'Carnaubeira da Penha','PE'),(1143,13,3114550,'Carneirinho','MG'),(1144,2,2701803,'Carneiros','AL'),(1145,23,1400233,'Caroebe','RR'),(1146,10,2102804,'Carolina','MA'),(1147,17,2604007,'Carpina','PE'),(1148,13,3114600,'Carrancas','MG'),(1149,15,2504108,'Carrapateira','PB'),(1150,27,1703891,'Carrasco Bonito','TO'),(1151,17,2604106,'Caruaru','PE'),(1152,10,2102903,'Carutapera','MA'),(1153,13,3114709,'Carvalhópolis','MG'),(1154,13,3114808,'Carvalhos','MG'),(1155,25,3510807,'Casa Branca','SP'),(1156,13,3114907,'Casa Grande','MG'),(1157,5,2907202,'Casa Nova','BA'),(1158,21,4304903,'Casca','RS'),(1159,13,3115003,'Cascalho Rico','MG'),(1160,6,2303501,'Cascavel','CE'),(1161,16,4104808,'Cascavel','PR'),(1162,27,1703909,'Caseara','TO'),(1163,21,4304952,'Caseiros','RS'),(1164,19,3301306,'Casimiro de Abreu','RJ'),(1165,17,2604155,'Casinhas','PE'),(1166,15,2504157,'Casserengue','PB'),(1167,13,3115102,'Cássia','MG'),(1168,25,3510906,'Cássia dos Coqueiros','SP'),(1169,12,5002902,'Cassilândia','MS'),(1170,14,1502400,'Castanhal','PA'),(1171,11,5102850,'Castanheira','MT'),(1172,22,1100908,'Castanheiras','RO'),(1173,9,5205059,'Castelândia','GO'),(1174,8,3201407,'Castelo','ES'),(1175,18,2202604,'Castelo do Piauí','PI'),(1176,25,3511003,'Castilho','SP'),(1177,16,4104907,'Castro','PR'),(1178,5,2907301,'Castro Alves','BA'),(1179,13,3115300,'Cataguases','MG'),(1180,9,5205109,'Catalão','GO'),(1181,25,3511102,'Catanduva','SP'),(1182,16,4105003,'Catanduvas','PR'),(1183,24,4204004,'Catanduvas','SC'),(1184,6,2303600,'Catarina','CE'),(1185,13,3115359,'Catas Altas','MG'),(1186,13,3115409,'Catas Altas da Noruega','MG'),(1187,17,2604205,'Catende','PE'),(1188,25,3511201,'Catiguá','SP'),(1189,15,2504207,'Catingueira','PB'),(1190,5,2907400,'Catolândia','BA'),(1191,15,2504306,'Catolé do Rocha','PB'),(1192,5,2907509,'Catu','BA'),(1193,21,4305009,'Catuípe','RS'),(1194,13,3115458,'Catuji','MG'),(1195,6,2303659,'Catunda','CE'),(1196,9,5205208,'Caturaí','GO'),(1197,5,2907558,'Caturama','BA'),(1198,15,2504355,'Caturité','PB'),(1199,13,3115474,'Catuti','MG'),(1200,6,2303709,'Caucaia','CE'),(1201,9,5205307,'Cavalcante','GO'),(1202,13,3115508,'Caxambu','MG'),(1203,24,4204103,'Caxambu do Sul','SC'),(1204,10,2103000,'Caxias','MA'),(1205,21,4305108,'Caxias do Sul','RS'),(1206,18,2202653,'Caxingó','PI'),(1207,20,2402600,'Ceará-Mirim','RN'),(1208,10,2103109,'Cedral','MA'),(1209,25,3511300,'Cedral','SP'),(1210,6,2303808,'Cedro','CE'),(1211,17,2604304,'Cedro','PE'),(1212,26,2801603,'Cedro de São João','SE'),(1213,13,3115607,'Cedro do Abaeté','MG'),(1214,24,4204152,'Celso Ramos','SC'),(1215,21,4305116,'Centenário','RS'),(1216,27,1704105,'Centenário','TO'),(1217,16,4105102,'Centenário do Sul','PR'),(1218,5,2907608,'Central','BA'),(1219,13,3115706,'Central de Minas','MG'),(1220,10,2103125,'Central do Maranhão','MA'),(1221,13,3115805,'Centralina','MG'),(1222,10,2103158,'Centro do Guilherme','MA'),(1223,10,2103174,'Centro Novo do Maranhão','MA'),(1224,22,1100056,'Cerejeiras','RO'),(1225,9,5205406,'Ceres','GO'),(1226,25,3511409,'Cerqueira César','SP'),(1227,25,3511508,'Cerquilho','SP'),(1228,21,4305124,'Cerrito','RS'),(1229,16,4105201,'Cerro Azul','PR'),(1230,21,4305132,'Cerro Branco','RS'),(1231,20,2402709,'Cerro Corá','RN'),(1232,21,4305157,'Cerro Grande','RS'),(1233,21,4305173,'Cerro Grande do Sul','RS'),(1234,21,4305207,'Cerro Largo','RS'),(1235,24,4204178,'Cerro Negro','SC'),(1236,25,3511607,'Cesário Lange','SP'),(1237,16,4105300,'Céu Azul','PR'),(1238,9,5205455,'Cezarina','GO'),(1239,17,2604403,'Chã de Alegria','PE'),(1240,17,2604502,'Chã Grande','PE'),(1241,2,2701902,'Chã Preta','AL'),(1242,13,3115904,'Chácara','MG'),(1243,13,3116001,'Chalé','MG'),(1244,21,4305306,'Chapada','RS'),(1245,27,1705102,'Chapada da Natividade','TO'),(1246,27,1704600,'Chapada de Areia','TO'),(1247,13,3116100,'Chapada do Norte','MG'),(1248,11,5103007,'Chapada dos Guimarães','MT'),(1249,13,3116159,'Chapada Gaúcha','MG'),(1250,9,5205471,'Chapadão do Céu','GO'),(1251,24,4204194,'Chapadão do Lageado','SC'),(1252,12,5002951,'Chapadão do Sul','MS'),(1253,10,2103208,'Chapadinha','MA'),(1254,24,4204202,'Chapecó','SC'),(1255,25,3511706,'Charqueada','SP'),(1256,21,4305355,'Charqueadas','RS'),(1257,21,4305371,'Charrua','RS'),(1258,6,2303907,'Chaval','CE'),(1259,25,3557204,'Chavantes','SP'),(1260,14,1502509,'Chaves','PA'),(1261,13,3116209,'Chiador','MG'),(1262,21,4305405,'Chiapetta','RS'),(1263,16,4105409,'Chopinzinho','PR'),(1264,6,2303931,'Choró','CE'),(1265,6,2303956,'Chorozinho','CE'),(1266,5,2907707,'Chorrochó','BA'),(1267,21,4305439,'Chuí','RS'),(1268,22,1100924,'Chupinguaia','RO'),(1269,21,4305447,'Chuvisca','RS'),(1270,16,4105508,'Cianorte','PR'),(1271,5,2907806,'Cícero Dantas','BA'),(1272,16,4105607,'Cidade Gaúcha','PR'),(1273,9,5205497,'Cidade Ocidental','GO'),(1274,10,2103257,'Cidelândia','MA'),(1275,21,4305454,'Cidreira','RS'),(1276,5,2907905,'Cipó','BA'),(1277,13,3116308,'Cipotânea','MG'),(1278,21,4305504,'Ciríaco','RS'),(1279,13,3116407,'Claraval','MG'),(1280,13,3116506,'Claro dos Poções','MG'),(1281,11,5103056,'Cláudia','MT'),(1282,13,3116605,'Cláudio','MG'),(1283,25,3511904,'Clementina','SP'),(1284,16,4105706,'Clevelândia','PR'),(1285,5,2908002,'Coaraci','BA'),(1286,4,1301209,'Coari','AM'),(1287,18,2202703,'Cocal','PI'),(1288,18,2202711,'Cocal de Telha','PI'),(1289,24,4204251,'Cocal do Sul','SC'),(1290,18,2202729,'Cocal dos Alves','PI'),(1291,11,5103106,'Cocalinho','MT'),(1292,9,5205513,'Cocalzinho de Goiás','GO'),(1293,5,2908101,'Cocos','BA'),(1294,4,1301308,'Codajás','AM'),(1295,10,2103307,'Codó','MA'),(1296,10,2103406,'Coelho Neto','MA'),(1297,13,3116704,'Coimbra','MG'),(1298,2,2702009,'Coité do Nóia','AL'),(1299,18,2202737,'Coivaras','PI'),(1300,14,1502608,'Colares','PA'),(1301,8,3201506,'Colatina','ES'),(1302,11,5103205,'Colíder','MT'),(1303,25,3512001,'Colina','SP'),(1304,10,2103505,'Colinas','MA'),(1305,21,4305587,'Colinas','RS'),(1306,9,5205521,'Colinas do Sul','GO'),(1307,27,1705508,'Colinas do Tocantins','TO'),(1308,27,1716703,'Colméia','TO'),(1309,11,5103254,'Colniza','MT'),(1310,25,3512100,'Colômbia','SP'),(1311,16,4105805,'Colombo','PR'),(1312,18,2202752,'Colônia do Gurguéia','PI'),(1313,18,2202778,'Colônia do Piauí','PI'),(1314,2,2702108,'Colônia Leopoldina','AL'),(1315,16,4105904,'Colorado','PR'),(1316,21,4305603,'Colorado','RS'),(1317,22,1100064,'Colorado do Oeste','RO'),(1318,13,3116803,'Coluna','MG'),(1319,27,1705557,'Combinado','TO'),(1320,13,3116902,'Comendador Gomes','MG'),(1321,19,3300951,'Comendador Levy Gasparian','RJ'),(1322,13,3117009,'Comercinho','MG'),(1323,11,5103304,'Comodoro','MT'),(1324,15,2504405,'Conceição','PB'),(1325,13,3117108,'Conceição da Aparecida','MG'),(1326,8,3201605,'Conceição da Barra','ES'),(1327,13,3115201,'Conceição da Barra de Minas','MG'),(1328,5,2908200,'Conceição da Feira','BA'),(1329,13,3117306,'Conceição das Alagoas','MG'),(1330,13,3117207,'Conceição das Pedras','MG'),(1331,13,3117405,'Conceição de Ipanema','MG'),(1332,19,3301405,'Conceição de Macabu','RJ'),(1333,5,2908309,'Conceição do Almeida','BA'),(1334,14,1502707,'Conceição do Araguaia','PA'),(1335,18,2202802,'Conceição do Canindé','PI'),(1336,8,3201704,'Conceição do Castelo','ES'),(1337,5,2908408,'Conceição do Coité','BA'),(1338,5,2908507,'Conceição do Jacuípe','BA'),(1339,10,2103554,'Conceição do Lago-Açu','MA'),(1340,13,3117504,'Conceição do Mato Dentro','MG'),(1341,13,3117603,'Conceição do Pará','MG'),(1342,13,3117702,'Conceição do Rio Verde','MG'),(1343,27,1705607,'Conceição do Tocantins','TO'),(1344,13,3117801,'Conceição dos Ouros','MG'),(1345,25,3512209,'Conchal','SP'),(1346,25,3512308,'Conchas','SP'),(1347,24,4204301,'Concórdia','SC'),(1348,14,1502756,'Concórdia do Pará','PA'),(1349,15,2504504,'Condado','PB'),(1350,17,2604601,'Condado','PE'),(1351,5,2908606,'Conde','BA'),(1352,15,2504603,'Conde','PB'),(1353,5,2908705,'Condeúba','BA'),(1354,21,4305702,'Condor','RS'),(1355,13,3117836,'Cônego Marinho','MG'),(1356,13,3117876,'Confins','MG'),(1357,11,5103353,'Confresa','MT'),(1358,15,2504702,'Congo','PB'),(1359,13,3117900,'Congonhal','MG'),(1360,13,3118007,'Congonhas','MG'),(1361,13,3118106,'Congonhas do Norte','MG'),(1362,16,4106001,'Congonhinhas','PR'),(1363,13,3118205,'Conquista','MG'),(1364,11,5103361,'Conquista D\'Oeste','MT'),(1365,13,3118304,'Conselheiro Lafaiete','MG'),(1366,16,4106100,'Conselheiro Mairinck','PR'),(1367,13,3118403,'Conselheiro Pena','MG'),(1368,13,3118502,'Consolação','MG'),(1369,21,4305801,'Constantina','RS'),(1370,13,3118601,'Contagem','MG'),(1371,16,4106209,'Contenda','PR'),(1372,5,2908804,'Contendas do Sincorá','BA'),(1373,13,3118700,'Coqueiral','MG'),(1374,21,4305835,'Coqueiro Baixo','RS'),(1375,2,2702207,'Coqueiro Seco','AL'),(1376,21,4305850,'Coqueiros do Sul','RS'),(1377,13,3118809,'Coração de Jesus','MG'),(1378,5,2908903,'Coração de Maria','BA'),(1379,16,4106308,'Corbélia','PR'),(1380,19,3301504,'Cordeiro','RJ'),(1381,25,3512407,'Cordeirópolis','SP'),(1382,5,2909000,'Cordeiros','BA'),(1383,24,4204350,'Cordilheira Alta','SC'),(1384,13,3118908,'Cordisburgo','MG'),(1385,13,3119005,'Cordislândia','MG'),(1386,6,2304004,'Coreaú','CE'),(1387,15,2504801,'Coremas','PB'),(1388,12,5003108,'Corguinho','MS'),(1389,5,2909109,'Coribe','BA'),(1390,13,3119104,'Corinto','MG'),(1391,16,4106407,'Cornélio Procópio','PR'),(1392,13,3119203,'Coroaci','MG'),(1393,25,3512506,'Coroados','SP'),(1394,10,2103604,'Coroatá','MA'),(1395,13,3119302,'Coromandel','MG'),(1396,21,4305871,'Coronel Barros','RS'),(1397,21,4305900,'Coronel Bicaco','RS'),(1398,16,4106456,'Coronel Domingos Soares','PR'),(1399,20,2402808,'Coronel Ezequiel','RN'),(1400,13,3119401,'Coronel Fabriciano','MG'),(1401,24,4204400,'Coronel Freitas','SC'),(1402,20,2402907,'Coronel João Pessoa','RN'),(1403,5,2909208,'Coronel João Sá','BA'),(1404,18,2202851,'Coronel José Dias','PI'),(1405,25,3512605,'Coronel Macedo','SP'),(1406,24,4204459,'Coronel Martins','SC'),(1407,13,3119500,'Coronel Murta','MG'),(1408,13,3119609,'Coronel Pacheco','MG'),(1409,21,4305934,'Coronel Pilar','RS'),(1410,12,5003157,'Coronel Sapucaia','MS'),(1411,16,4106506,'Coronel Vivida','PR'),(1412,13,3119708,'Coronel Xavier Chaves','MG'),(1413,13,3119807,'Córrego Danta','MG'),(1414,13,3119906,'Córrego do Bom Jesus','MG'),(1415,9,5205703,'Córrego do Ouro','GO'),(1416,13,3119955,'Córrego Fundo','MG'),(1417,13,3120003,'Córrego Novo','MG'),(1418,24,4204558,'Correia Pinto','SC'),(1419,18,2202901,'Corrente','PI'),(1420,17,2604700,'Correntes','PE'),(1421,5,2909307,'Correntina','BA'),(1422,17,2604809,'Cortês','PE'),(1423,12,5003207,'Corumbá','MS'),(1424,9,5205802,'Corumbá de Goiás','GO'),(1425,9,5205901,'Corumbaíba','GO'),(1426,25,3512704,'Corumbataí','SP'),(1427,16,4106555,'Corumbataí do Sul','PR'),(1428,22,1100072,'Corumbiara','RO'),(1429,24,4204509,'Corupá','SC'),(1430,2,2702306,'Coruripe','AL'),(1431,25,3512803,'Cosmópolis','SP'),(1432,25,3512902,'Cosmorama','SP'),(1433,22,1100080,'Costa Marques','RO'),(1434,12,5003256,'Costa Rica','MS'),(1435,5,2909406,'Cotegipe','BA'),(1436,25,3513009,'Cotia','SP'),(1437,21,4305959,'Cotiporã','RS'),(1438,11,5103379,'Cotriguaçu','MT'),(1439,13,3120102,'Couto de Magalhães de Minas','MG'),(1440,27,1706001,'Couto Magalhães','TO'),(1441,21,4305975,'Coxilha','RS'),(1442,12,5003306,'Coxim','MS'),(1443,15,2504850,'Coxixola','PB'),(1444,2,2702355,'Craíbas','AL'),(1445,6,2304103,'Crateús','CE'),(1446,6,2304202,'Crato','CE'),(1447,25,3513108,'Cravinhos','SP'),(1448,5,2909505,'Cravolândia','BA'),(1449,24,4204608,'Criciúma','SC'),(1450,13,3120151,'Crisólita','MG'),(1451,5,2909604,'Crisópolis','BA'),(1452,21,4306007,'Crissiumal','RS'),(1453,13,3120201,'Cristais','MG'),(1454,25,3513207,'Cristais Paulista','SP'),(1455,21,4306056,'Cristal','RS'),(1456,21,4306072,'Cristal do Sul','RS'),(1457,27,1706100,'Cristalândia','TO'),(1458,18,2203008,'Cristalândia do Piauí','PI'),(1459,13,3120300,'Cristália','MG'),(1460,9,5206206,'Cristalina','GO'),(1461,13,3120409,'Cristiano Otoni','MG'),(1462,9,5206305,'Cristianópolis','GO'),(1463,13,3120508,'Cristina','MG'),(1464,26,2801702,'Cristinápolis','SE'),(1465,18,2203107,'Cristino Castro','PI'),(1466,5,2909703,'Cristópolis','BA'),(1467,9,5206404,'Crixás','GO'),(1468,27,1706258,'Crixás do Tocantins','TO'),(1469,6,2304236,'Croatá','CE'),(1470,9,5206503,'Cromínia','GO'),(1471,13,3120607,'Crucilândia','MG'),(1472,6,2304251,'Cruz','CE'),(1473,21,4306106,'Cruz Alta','RS'),(1474,5,2909802,'Cruz das Almas','BA'),(1475,15,2504900,'Cruz do Espírito Santo','PB'),(1476,16,4106803,'Cruz Machado','PR'),(1477,25,3513306,'Cruzália','SP'),(1478,21,4306130,'Cruzaltense','RS'),(1479,25,3513405,'Cruzeiro','SP'),(1480,13,3120706,'Cruzeiro da Fortaleza','MG'),(1481,16,4106571,'Cruzeiro do Iguaçu','PR'),(1482,16,4106605,'Cruzeiro do Oeste','PR'),(1483,1,1200203,'Cruzeiro do Sul','AC'),(1484,16,4106704,'Cruzeiro do Sul','PR'),(1485,21,4306205,'Cruzeiro do Sul','RS'),(1486,20,2403004,'Cruzeta','RN'),(1487,13,3120805,'Cruzília','MG'),(1488,16,4106852,'Cruzmaltina','PR'),(1489,25,3513504,'Cubatão','SP'),(1490,15,2505006,'Cubati','PB'),(1491,11,5103403,'Cuiabá','MT'),(1492,15,2505105,'Cuité','PB'),(1493,15,2505238,'Cuité de Mamanguape','PB'),(1494,15,2505204,'Cuitegi','PB'),(1495,22,1100940,'Cujubim','RO'),(1496,9,5206602,'Cumari','GO'),(1497,17,2604908,'Cumaru','PE'),(1498,14,1502764,'Cumaru do Norte','PA'),(1499,26,2801900,'Cumbe','SE'),(1500,25,3513603,'Cunha','SP'),(1501,24,4204707,'Cunha Porã','SC'),(1502,24,4204756,'Cunhataí','SC'),(1503,13,3120839,'Cuparaque','MG'),(1504,17,2605004,'Cupira','PE'),(1505,5,2909901,'Curaçá','BA'),(1506,18,2203206,'Curimatá','PI'),(1507,14,1502772,'Curionópolis','PA'),(1508,16,4106902,'Curitiba','PR'),(1509,24,4204806,'Curitibanos','SC'),(1510,16,4107009,'Curiúva','PR'),(1511,18,2203230,'Currais','PI'),(1512,20,2403103,'Currais Novos','RN'),(1513,15,2505279,'Curral de Cima','PB'),(1514,13,3120870,'Curral de Dentro','MG'),(1515,18,2203271,'Curral Novo do Piauí','PI'),(1516,15,2505303,'Curral Velho','PB'),(1517,14,1502806,'Curralinho','PA'),(1518,18,2203255,'Curralinhos','PI'),(1519,14,1502855,'Curuá','PA'),(1520,14,1502905,'Curuçá','PA'),(1521,10,2103703,'Cururupu','MA'),(1522,11,5103437,'Curvelândia','MT'),(1523,13,3120904,'Curvelo','MG'),(1524,17,2605103,'Custódia','PE'),(1525,3,1600212,'Cutias','AP'),(1526,9,5206701,'Damianópolis','GO'),(1527,15,2505352,'Damião','PB'),(1528,9,5206800,'Damolândia','GO'),(1529,27,1706506,'Darcinópolis','TO'),(1530,5,2910008,'Dário Meira','BA'),(1531,13,3121001,'Datas','MG'),(1532,21,4306304,'David Canabarro','RS'),(1533,9,5206909,'Davinópolis','GO'),(1534,10,2103752,'Davinópolis','MA'),(1535,13,3121100,'Delfim Moreira','MG'),(1536,13,3121209,'Delfinópolis','MG'),(1537,2,2702405,'Delmiro Gouveia','AL'),(1538,13,3121258,'Delta','MG'),(1539,18,2203305,'Demerval Lobão','PI'),(1540,11,5103452,'Denise','MT'),(1541,12,5003454,'Deodápolis','MS'),(1542,6,2304269,'Deputado Irapuan Pinheiro','CE'),(1543,21,4306320,'Derrubadas','RS'),(1544,25,3513702,'Descalvado','SP'),(1545,24,4204905,'Descanso','SC'),(1546,13,3121308,'Descoberto','MG'),(1547,15,2505402,'Desterro','PB'),(1548,13,3121407,'Desterro de Entre Rios','MG'),(1549,13,3121506,'Desterro do Melo','MG'),(1550,21,4306353,'Dezesseis de Novembro','RS'),(1551,25,3513801,'Diadema','SP'),(1552,15,2505600,'Diamante','PB'),(1553,16,4107108,'Diamante do Norte','PR'),(1554,16,4107124,'Diamante do Sul','PR'),(1555,16,4107157,'Diamante D\'Oeste','PR'),(1556,13,3121605,'Diamantina','MG'),(1557,11,5103502,'Diamantino','MT'),(1558,27,1707009,'Dianópolis','TO'),(1559,5,2910057,'Dias d\'Ávila','BA'),(1560,21,4306379,'Dilermando de Aguiar','RS'),(1561,13,3121704,'Diogo de Vasconcelos','MG'),(1562,13,3121803,'Dionísio','MG'),(1563,24,4205001,'Dionísio Cerqueira','SC'),(1564,9,5207105,'Diorama','GO'),(1565,25,3513850,'Dirce Reis','SP'),(1566,18,2203354,'Dirceu Arcoverde','PI'),(1567,26,2802007,'Divina Pastora','SE'),(1568,13,3121902,'Divinésia','MG'),(1569,13,3122009,'Divino','MG'),(1570,13,3122108,'Divino das Laranjeiras','MG'),(1571,8,3201803,'Divino de São Lourenço','ES'),(1572,25,3513900,'Divinolândia','SP'),(1573,13,3122207,'Divinolândia de Minas','MG'),(1574,13,3122306,'Divinópolis','MG'),(1575,9,5208301,'Divinópolis de Goiás','GO'),(1576,27,1707108,'Divinópolis do Tocantins','TO'),(1577,13,3122355,'Divisa Alegre','MG'),(1578,13,3122405,'Divisa Nova','MG'),(1579,13,3122454,'Divisópolis','MG'),(1580,25,3514007,'Dobrada','SP'),(1581,25,3514106,'Dois Córregos','SP'),(1582,21,4306403,'Dois Irmãos','RS'),(1583,21,4306429,'Dois Irmãos das Missões','RS'),(1584,12,5003488,'Dois Irmãos do Buriti','MS'),(1585,27,1707207,'Dois Irmãos do Tocantins','TO'),(1586,21,4306452,'Dois Lajeados','RS'),(1587,2,2702504,'Dois Riachos','AL'),(1588,16,4107207,'Dois Vizinhos','PR'),(1589,25,3514205,'Dolcinópolis','SP'),(1590,11,5103601,'Dom Aquino','MT'),(1591,5,2910107,'Dom Basílio','BA'),(1592,13,3122470,'Dom Bosco','MG'),(1593,13,3122504,'Dom Cavati','MG'),(1594,14,1502939,'Dom Eliseu','PA'),(1595,18,2203404,'Dom Expedito Lopes','PI'),(1596,21,4306502,'Dom Feliciano','RS'),(1597,18,2203453,'Dom Inocêncio','PI'),(1598,13,3122603,'Dom Joaquim','MG'),(1599,5,2910206,'Dom Macedo Costa','BA'),(1600,21,4306601,'Dom Pedrito','RS'),(1601,10,2103802,'Dom Pedro','MA'),(1602,21,4306551,'Dom Pedro de Alcântara','RS'),(1603,13,3122702,'Dom Silvério','MG'),(1604,13,3122801,'Dom Viçoso','MG'),(1605,8,3201902,'Domingos Martins','ES'),(1606,18,2203420,'Domingos Mourão','PI'),(1607,24,4205100,'Dona Emma','SC'),(1608,13,3122900,'Dona Eusébia','MG'),(1609,21,4306700,'Dona Francisca','RS'),(1610,15,2505709,'Dona Inês','PB'),(1611,13,3123007,'Dores de Campos','MG'),(1612,13,3123106,'Dores de Guanhães','MG'),(1613,13,3123205,'Dores do Indaiá','MG'),(1614,8,3202009,'Dores do Rio Preto','ES'),(1615,13,3123304,'Dores do Turvo','MG'),(1616,13,3123403,'Doresópolis','MG'),(1617,17,2605152,'Dormentes','PE'),(1618,12,5003504,'Douradina','MS'),(1619,16,4107256,'Douradina','PR'),(1620,25,3514304,'Dourado','SP'),(1621,13,3123502,'Douradoquara','MG'),(1622,12,5003702,'Dourados','MS'),(1623,16,4107306,'Doutor Camargo','PR'),(1624,21,4306734,'Doutor Maurício Cardoso','RS'),(1625,24,4205159,'Doutor Pedrinho','SC'),(1626,21,4306759,'Doutor Ricardo','RS'),(1627,20,2403202,'Doutor Severiano','RN'),(1628,16,4128633,'Doutor Ulysses','PR'),(1629,9,5207253,'Doverlândia','GO'),(1630,25,3514403,'Dracena','SP'),(1631,25,3514502,'Duartina','SP'),(1632,19,3301603,'Duas Barras','RJ'),(1633,15,2505808,'Duas Estradas','PB'),(1634,27,1707306,'Dueré','TO'),(1635,25,3514601,'Dumont','SP'),(1636,10,2103901,'Duque Bacelar','MA'),(1637,19,3301702,'Duque de Caxias','RJ'),(1638,13,3123528,'Durandé','MG'),(1639,25,3514700,'Echaporã','SP'),(1640,8,3202108,'Ecoporanga','ES'),(1641,9,5207352,'Edealina','GO'),(1642,9,5207402,'Edéia','GO'),(1643,4,1301407,'Eirunepé','AM'),(1644,12,5003751,'Eldorado','MS'),(1645,25,3514809,'Eldorado','SP'),(1646,21,4306767,'Eldorado do Sul','RS'),(1647,14,1502954,'Eldorado dos Carajás','PA'),(1648,18,2203503,'Elesbão Veloso','PI'),(1649,25,3514908,'Elias Fausto','SP'),(1650,18,2203602,'Eliseu Martins','PI'),(1651,25,3514924,'Elisiário','SP'),(1652,5,2910305,'Elísio Medrado','BA'),(1653,13,3123601,'Elói Mendes','MG'),(1654,15,2505907,'Emas','PB'),(1655,25,3514957,'Embaúba','SP'),(1656,25,3515004,'Embu','SP'),(1657,25,3515103,'Embu-Guaçu','SP'),(1658,25,3515129,'Emilianópolis','SP'),(1659,21,4306809,'Encantado','RS'),(1660,20,2403301,'Encanto','RN'),(1661,5,2910404,'Encruzilhada','BA'),(1662,21,4306908,'Encruzilhada do Sul','RS'),(1663,16,4107405,'Enéas Marques','PR'),(1664,16,4107504,'Engenheiro Beltrão','PR'),(1665,13,3123700,'Engenheiro Caldas','MG'),(1666,25,3515152,'Engenheiro Coelho','SP'),(1667,13,3123809,'Engenheiro Navarro','MG'),(1668,19,3301801,'Engenheiro Paulo de Frontin','RJ'),(1669,21,4306924,'Engenho Velho','RS'),(1670,13,3123858,'Entre Folhas','MG'),(1671,5,2910503,'Entre Rios','BA'),(1672,24,4205175,'Entre Rios','SC'),(1673,13,3123908,'Entre Rios de Minas','MG'),(1674,16,4107538,'Entre Rios do Oeste','PR'),(1675,21,4306957,'Entre Rios do Sul','RS'),(1676,21,4306932,'Entre-Ijuís','RS'),(1677,4,1301506,'Envira','AM'),(1678,1,1200252,'Epitaciolândia','AC'),(1679,20,2403400,'Equador','RN'),(1680,21,4306973,'Erebango','RS'),(1681,21,4307005,'Erechim','RS'),(1682,6,2304277,'Ererê','CE'),(1683,5,2900504,'Érico Cardoso','BA'),(1684,24,4205191,'Ermo','SC'),(1685,21,4307054,'Ernestina','RS'),(1686,21,4307203,'Erval Grande','RS'),(1687,21,4307302,'Erval Seco','RS'),(1688,24,4205209,'Erval Velho','SC'),(1689,13,3124005,'Ervália','MG'),(1690,17,2605202,'Escada','PE'),(1691,21,4307401,'Esmeralda','RS'),(1692,13,3124104,'Esmeraldas','MG'),(1693,13,3124203,'Espera Feliz','MG'),(1694,15,2506004,'Esperança','PB'),(1695,21,4307450,'Esperança do Sul','RS'),(1696,16,4107520,'Esperança Nova','PR'),(1697,18,2203701,'Esperantina','PI'),(1698,27,1707405,'Esperantina','TO'),(1699,10,2104008,'Esperantinópolis','MA'),(1700,16,4107546,'Espigão Alto do Iguaçu','PR'),(1701,22,1100098,'Espigão d\'Oeste','RO'),(1702,13,3124302,'Espinosa','MG'),(1703,20,2403509,'Espírito Santo','RN'),(1704,13,3124401,'Espírito Santo do Dourado','MG'),(1705,25,3515186,'Espírito Santo do Pinhal','SP'),(1706,25,3515194,'Espírito Santo do Turvo','SP'),(1707,5,2910602,'Esplanada','BA'),(1708,21,4307500,'Espumoso','RS'),(1709,21,4307559,'Estação','RS'),(1710,26,2802106,'Estância','SE'),(1711,21,4307609,'Estância Velha','RS'),(1712,21,4307708,'Esteio','RS'),(1713,13,3124500,'Estiva','MG'),(1714,25,3557303,'Estiva Gerbi','SP'),(1715,10,2104057,'Estreito','MA'),(1716,21,4307807,'Estrela','RS'),(1717,13,3124609,'Estrela Dalva','MG'),(1718,2,2702553,'Estrela de Alagoas','AL'),(1719,13,3124708,'Estrela do Indaiá','MG'),(1720,9,5207501,'Estrela do Norte','GO'),(1721,25,3515301,'Estrela do Norte','SP'),(1722,13,3124807,'Estrela do Sul','MG'),(1723,25,3515202,'Estrela d\'Oeste','SP'),(1724,21,4307815,'Estrela Velha','RS'),(1725,5,2910701,'Euclides da Cunha','BA'),(1726,25,3515350,'Euclides da Cunha Paulista','SP'),(1727,21,4307831,'Eugênio de Castro','RS'),(1728,13,3124906,'Eugenópolis','MG'),(1729,5,2910727,'Eunápolis','BA'),(1730,6,2304285,'Eusébio','CE'),(1731,13,3125002,'Ewbank da Câmara','MG'),(1732,13,3125101,'Extrema','MG'),(1733,20,2403608,'Extremoz','RN'),(1734,17,2605301,'Exu','PE'),(1735,15,2506103,'Fagundes','PB'),(1736,21,4307864,'Fagundes Varela','RS'),(1737,9,5207535,'Faina','GO'),(1738,13,3125200,'Fama','MG'),(1739,13,3125309,'Faria Lemos','MG'),(1740,6,2304301,'Farias Brito','CE'),(1741,14,1503002,'Faro','PA'),(1742,16,4107553,'Farol','PR'),(1743,21,4307906,'Farroupilha','RS'),(1744,25,3515400,'Fartura','SP'),(1745,18,2203750,'Fartura do Piauí','PI'),(1746,5,2910750,'Fátima','BA'),(1747,27,1707553,'Fátima','TO'),(1748,12,5003801,'Fátima do Sul','MS'),(1749,16,4107603,'Faxinal','PR'),(1750,21,4308003,'Faxinal do Soturno','RS'),(1751,24,4205308,'Faxinal dos Guedes','SC'),(1752,21,4308052,'Faxinalzinho','RS'),(1753,9,5207600,'Fazenda Nova','GO'),(1754,16,4107652,'Fazenda Rio Grande','PR'),(1755,21,4308078,'Fazenda Vilanova','RS'),(1756,1,1200302,'Feijó','AC'),(1757,5,2910776,'Feira da Mata','BA'),(1758,5,2910800,'Feira de Santana','BA'),(1759,2,2702603,'Feira Grande','AL'),(1760,17,2605400,'Feira Nova','PE'),(1761,26,2802205,'Feira Nova','SE'),(1762,10,2104073,'Feira Nova do Maranhão','MA'),(1763,13,3125408,'Felício dos Santos','MG'),(1764,20,2403707,'Felipe Guerra','RN'),(1765,13,3125606,'Felisburgo','MG'),(1766,13,3125705,'Felixlândia','MG'),(1767,21,4308102,'Feliz','RS'),(1768,2,2702702,'Feliz Deserto','AL'),(1769,11,5103700,'Feliz Natal','MT'),(1770,16,4107702,'Fênix','PR'),(1771,16,4107736,'Fernandes Pinheiro','PR'),(1772,13,3125804,'Fernandes Tourinho','MG'),(1773,17,2605459,'Fernando de Noronha','PE'),(1774,10,2104081,'Fernando Falcão','MA'),(1775,20,2403756,'Fernando Pedroza','RN'),(1776,25,3515608,'Fernando Prestes','SP'),(1777,25,3515509,'Fernandópolis','SP'),(1778,25,3515657,'Fernão','SP'),(1779,25,3515707,'Ferraz de Vasconcelos','SP'),(1780,3,1600238,'Ferreira Gomes','AP'),(1781,17,2605509,'Ferreiros','PE'),(1782,13,3125903,'Ferros','MG'),(1783,13,3125952,'Fervedouro','MG'),(1784,16,4107751,'Figueira','PR'),(1785,12,5003900,'Figueirão','MS'),(1786,27,1707652,'Figueirópolis','TO'),(1787,11,5103809,'Figueirópolis D\'Oeste','MT'),(1788,5,2910859,'Filadélfia','BA'),(1789,27,1707702,'Filadélfia','TO'),(1790,5,2910909,'Firmino Alves','BA'),(1791,9,5207808,'Firminópolis','GO'),(1792,2,2702801,'Flexeiras','AL'),(1793,16,4107850,'Flor da Serra do Sul','PR'),(1794,24,4205357,'Flor do Sertão','SC'),(1795,25,3515806,'Flora Rica','SP'),(1796,16,4107801,'Floraí','PR'),(1797,20,2403806,'Florânia','RN'),(1798,25,3515905,'Floreal','SP'),(1799,17,2605608,'Flores','PE'),(1800,21,4308201,'Flores da Cunha','RS'),(1801,9,5207907,'Flores de Goiás','GO'),(1802,18,2203800,'Flores do Piauí','PI'),(1803,17,2605707,'Floresta','PE'),(1804,16,4107900,'Floresta','PR'),(1805,5,2911006,'Floresta Azul','BA'),(1806,14,1503044,'Floresta do Araguaia','PA'),(1807,18,2203859,'Floresta do Piauí','PI'),(1808,13,3126000,'Florestal','MG'),(1809,16,4108007,'Florestópolis','PR'),(1810,18,2203909,'Floriano','PI'),(1811,21,4308250,'Floriano Peixoto','RS'),(1812,24,4205407,'Florianópolis','SC'),(1813,16,4108106,'Flórida','PR'),(1814,25,3516002,'Flórida Paulista','SP'),(1815,25,3516101,'Florínia','SP'),(1816,4,1301605,'Fonte Boa','AM'),(1817,21,4308300,'Fontoura Xavier','RS'),(1818,13,3126109,'Formiga','MG'),(1819,21,4308409,'Formigueiro','RS'),(1820,9,5208004,'Formosa','GO'),(1821,10,2104099,'Formosa da Serra Negra','MA'),(1822,16,4108205,'Formosa do Oeste','PR'),(1823,5,2911105,'Formosa do Rio Preto','BA'),(1824,24,4205431,'Formosa do Sul','SC'),(1825,9,5208103,'Formoso','GO'),(1826,13,3126208,'Formoso','MG'),(1827,27,1708205,'Formoso do Araguaia','TO'),(1828,21,4308433,'Forquetinha','RS'),(1829,6,2304350,'Forquilha','CE'),(1830,24,4205456,'Forquilhinha','SC'),(1831,6,2304400,'Fortaleza','CE'),(1832,13,3126307,'Fortaleza de Minas','MG'),(1833,27,1708254,'Fortaleza do Tabocão','TO'),(1834,10,2104107,'Fortaleza dos Nogueiras','MA'),(1835,21,4308458,'Fortaleza dos Valos','RS'),(1836,6,2304459,'Fortim','CE'),(1837,10,2104206,'Fortuna','MA'),(1838,13,3126406,'Fortuna de Minas','MG'),(1839,16,4108304,'Foz do Iguaçu','PR'),(1840,16,4108452,'Foz do Jordão','PR'),(1841,24,4205506,'Fraiburgo','SC'),(1842,25,3516200,'Franca','SP'),(1843,18,2204006,'Francinópolis','PI'),(1844,16,4108320,'Francisco Alves','PR'),(1845,18,2204105,'Francisco Ayres','PI'),(1846,13,3126505,'Francisco Badaró','MG'),(1847,16,4108403,'Francisco Beltrão','PR'),(1848,20,2403905,'Francisco Dantas','RN'),(1849,13,3126604,'Francisco Dumont','MG'),(1850,18,2204154,'Francisco Macedo','PI'),(1851,25,3516309,'Francisco Morato','SP'),(1852,13,3126703,'Francisco Sá','MG'),(1853,18,2204204,'Francisco Santos','PI'),(1854,13,3126752,'Franciscópolis','MG'),(1855,25,3516408,'Franco da Rocha','SP'),(1856,6,2304509,'Frecheirinha','CE'),(1857,21,4308508,'Frederico Westphalen','RS'),(1858,13,3126802,'Frei Gaspar','MG'),(1859,13,3126901,'Frei Inocêncio','MG'),(1860,13,3126950,'Frei Lagonegro','MG'),(1861,15,2506202,'Frei Martinho','PB'),(1862,17,2605806,'Frei Miguelinho','PE'),(1863,26,2802304,'Frei Paulo','SE'),(1864,24,4205555,'Frei Rogério','SC'),(1865,13,3127008,'Fronteira','MG'),(1866,13,3127057,'Fronteira dos Vales','MG'),(1867,18,2204303,'Fronteiras','PI'),(1868,13,3127073,'Fruta de Leite','MG'),(1869,13,3127107,'Frutal','MG'),(1870,20,2404002,'Frutuoso Gomes','RN'),(1871,8,3202207,'Fundão','ES'),(1872,13,3127206,'Funilândia','MG'),(1873,25,3516507,'Gabriel Monteiro','SP'),(1874,15,2506251,'Gado Bravo','PB'),(1875,25,3516606,'Gália','SP'),(1876,13,3127305,'Galiléia','MG'),(1877,20,2404101,'Galinhos','RN'),(1878,24,4205605,'Galvão','SC'),(1879,17,2605905,'Gameleira','PE'),(1880,9,5208152,'Gameleira de Goiás','GO'),(1881,13,3127339,'Gameleiras','MG'),(1882,5,2911204,'Gandu','BA'),(1883,17,2606002,'Garanhuns','PE'),(1884,26,2802403,'Gararu','SE'),(1885,25,3516705,'Garça','SP'),(1886,21,4308607,'Garibaldi','RS'),(1887,24,4205704,'Garopaba','SC'),(1888,14,1503077,'Garrafão do Norte','PA'),(1889,21,4308656,'Garruchos','RS'),(1890,24,4205803,'Garuva','SC'),(1891,24,4205902,'Gaspar','SC'),(1892,25,3516804,'Gastão Vidigal','SP'),(1893,11,5103858,'Gaúcha do Norte','MT'),(1894,21,4308706,'Gaurama','RS'),(1895,5,2911253,'Gavião','BA'),(1896,25,3516853,'Gavião Peixoto','SP'),(1897,18,2204352,'Geminiano','PI'),(1898,21,4308805,'General Câmara','RS'),(1899,11,5103908,'General Carneiro','MT'),(1900,16,4108502,'General Carneiro','PR'),(1901,26,2802502,'General Maynard','SE'),(1902,25,3516903,'General Salgado','SP'),(1903,6,2304608,'General Sampaio','CE'),(1904,21,4308854,'Gentil','RS'),(1905,5,2911303,'Gentio do Ouro','BA'),(1906,25,3517000,'Getulina','SP'),(1907,21,4308904,'Getúlio Vargas','RS'),(1908,18,2204402,'Gilbués','PI'),(1909,2,2702900,'Girau do Ponciano','AL'),(1910,21,4309001,'Giruá','RS'),(1911,13,3127354,'Glaucilândia','MG'),(1912,25,3517109,'Glicério','SP'),(1913,5,2911402,'Glória','BA'),(1914,12,5004007,'Glória de Dourados','MS'),(1915,17,2606101,'Glória do Goitá','PE'),(1916,11,5103957,'Glória D\'Oeste','MT'),(1917,21,4309050,'Glorinha','RS'),(1918,10,2104305,'Godofredo Viana','MA'),(1919,16,4108551,'Godoy Moreira','PR'),(1920,13,3127370,'Goiabeira','MG'),(1921,17,2606200,'Goiana','PE'),(1922,13,3127388,'Goianá','MG'),(1923,9,5208400,'Goianápolis','GO'),(1924,9,5208509,'Goiandira','GO'),(1925,9,5208608,'Goianésia','GO'),(1926,14,1503093,'Goianésia do Pará','PA'),(1927,9,5208707,'Goiânia','GO'),(1928,20,2404200,'Goianinha','RN'),(1929,9,5208806,'Goianira','GO'),(1930,27,1708304,'Goianorte','TO'),(1931,9,5208905,'Goiás','GO'),(1932,27,1709005,'Goiatins','TO'),(1933,9,5209101,'Goiatuba','GO'),(1934,16,4108601,'Goioerê','PR'),(1935,16,4108650,'Goioxim','PR'),(1936,13,3127404,'Gonçalves','MG'),(1937,10,2104404,'Gonçalves Dias','MA'),(1938,5,2911501,'Gongogi','BA'),(1939,13,3127503,'Gonzaga','MG'),(1940,13,3127602,'Gouveia','MG'),(1941,9,5209150,'Gouvelândia','GO'),(1942,10,2104503,'Governador Archer','MA'),(1943,24,4206009,'Governador Celso Ramos','SC'),(1944,20,2404309,'Governador Dix-Sept Rosado','RN'),(1945,10,2104552,'Governador Edison Lobão','MA'),(1946,10,2104602,'Governador Eugênio Barros','MA'),(1947,22,1101005,'Governador Jorge Teixeira','RO'),(1948,8,3202256,'Governador Lindenberg','ES'),(1949,10,2104628,'Governador Luiz Rocha','MA'),(1950,5,2911600,'Governador Mangabeira','BA'),(1951,10,2104651,'Governador Newton Bello','MA'),(1952,10,2104677,'Governador Nunes Freire','MA'),(1953,13,3127701,'Governador Valadares','MG'),(1954,6,2304657,'Graça','CE'),(1955,10,2104701,'Graça Aranha','MA'),(1956,26,2802601,'Gracho Cardoso','SE'),(1957,10,2104800,'Grajaú','MA'),(1958,21,4309100,'Gramado','RS'),(1959,21,4309126,'Gramado dos Loureiros','RS'),(1960,21,4309159,'Gramado Xavier','RS'),(1961,16,4108700,'Grandes Rios','PR'),(1962,17,2606309,'Granito','PE'),(1963,6,2304707,'Granja','CE'),(1964,6,2304806,'Granjeiro','CE'),(1965,13,3127800,'Grão Mogol','MG'),(1966,24,4206108,'Grão Pará','SC'),(1967,17,2606408,'Gravatá','PE'),(1968,21,4309209,'Gravataí','RS'),(1969,24,4206207,'Gravatal','SC'),(1970,6,2304905,'Groaíras','CE'),(1971,20,2404408,'Grossos','RN'),(1972,13,3127909,'Grupiara','MG'),(1973,21,4309258,'Guabiju','RS'),(1974,24,4206306,'Guabiruba','SC'),(1975,8,3202306,'Guaçuí','ES'),(1976,18,2204501,'Guadalupe','PI'),(1977,21,4309308,'Guaíba','RS'),(1978,25,3517208,'Guaiçara','SP'),(1979,25,3517307,'Guaimbê','SP'),(1980,16,4108809,'Guaíra','PR'),(1981,25,3517406,'Guaíra','SP'),(1982,16,4108908,'Guairaçá','PR'),(1983,6,2304954,'Guaiúba','CE'),(1984,4,1301654,'Guajará','AM'),(1985,22,1100106,'Guajará-Mirim','RO'),(1986,5,2911659,'Guajeru','BA'),(1987,20,2404507,'Guamaré','RN'),(1988,16,4108957,'Guamiranga','PR'),(1989,5,2911709,'Guanambi','BA'),(1990,13,3128006,'Guanhães','MG'),(1991,13,3128105,'Guapé','MG'),(1992,25,3517505,'Guapiaçu','SP'),(1993,25,3517604,'Guapiara','SP'),(1994,19,3301850,'Guapimirim','RJ'),(1995,16,4109005,'Guapirama','PR'),(1996,9,5209200,'Guapó','GO'),(1997,21,4309407,'Guaporé','RS'),(1998,16,4109104,'Guaporema','PR'),(1999,25,3517703,'Guará','SP'),(2000,15,2506301,'Guarabira','PB'),(2001,25,3517802,'Guaraçaí','SP'),(2002,16,4109203,'Guaraci','PR'),(2003,25,3517901,'Guaraci','SP'),(2004,13,3128204,'Guaraciaba','MG'),(2005,24,4206405,'Guaraciaba','SC'),(2006,6,2305001,'Guaraciaba do Norte','CE'),(2007,13,3128253,'Guaraciama','MG'),(2008,27,1709302,'Guaraí','TO'),(2009,9,5209291,'Guaraíta','GO'),(2010,6,2305100,'Guaramiranga','CE'),(2011,24,4206504,'Guaramirim','SC'),(2012,13,3128303,'Guaranésia','MG'),(2013,13,3128402,'Guarani','MG'),(2014,21,4309506,'Guarani das Missões','RS'),(2015,9,5209408,'Guarani de Goiás','GO'),(2016,25,3518008,'Guarani d\'Oeste','SP'),(2017,16,4109302,'Guaraniaçu','PR'),(2018,25,3518107,'Guarantã','SP'),(2019,11,5104104,'Guarantã do Norte','MT'),(2020,8,3202405,'Guarapari','ES'),(2021,16,4109401,'Guarapuava','PR'),(2022,16,4109500,'Guaraqueçaba','PR'),(2023,13,3128501,'Guarará','MG'),(2024,25,3518206,'Guararapes','SP'),(2025,25,3518305,'Guararema','SP'),(2026,5,2911808,'Guaratinga','BA'),(2027,25,3518404,'Guaratinguetá','SP'),(2028,16,4109609,'Guaratuba','PR'),(2029,13,3128600,'Guarda-Mor','MG'),(2030,25,3518503,'Guareí','SP'),(2031,25,3518602,'Guariba','SP'),(2032,18,2204550,'Guaribas','PI'),(2033,9,5209457,'Guarinos','GO'),(2034,25,3518701,'Guarujá','SP'),(2035,24,4206603,'Guarujá do Sul','SC'),(2036,25,3518800,'Guarulhos','SP'),(2037,24,4206652,'Guatambú','SC'),(2038,25,3518859,'Guatapará','SP'),(2039,13,3128709,'Guaxupé','MG'),(2040,12,5004106,'Guia Lopes da Laguna','MS'),(2041,13,3128808,'Guidoval','MG'),(2042,10,2104909,'Guimarães','MA'),(2043,13,3128907,'Guimarânia','MG'),(2044,11,5104203,'Guiratinga','MT'),(2045,13,3129004,'Guiricema','MG'),(2046,13,3129103,'Gurinhatã','MG'),(2047,15,2506400,'Gurinhém','PB'),(2048,15,2506509,'Gurjão','PB'),(2049,14,1503101,'Gurupá','PA'),(2050,27,1709500,'Gurupi','TO'),(2051,25,3518909,'Guzolândia','SP'),(2052,21,4309555,'Harmonia','RS'),(2053,9,5209606,'Heitoraí','GO'),(2054,13,3129202,'Heliodora','MG'),(2055,5,2911857,'Heliópolis','BA'),(2056,25,3519006,'Herculândia','SP'),(2057,21,4307104,'Herval','RS'),(2058,24,4206702,'Herval d\'Oeste','SC'),(2059,21,4309571,'Herveiras','RS'),(2060,6,2305209,'Hidrolândia','CE'),(2061,9,5209705,'Hidrolândia','GO'),(2062,9,5209804,'Hidrolina','GO'),(2063,25,3519055,'Holambra','SP'),(2064,16,4109658,'Honório Serpa','PR'),(2065,6,2305233,'Horizonte','CE'),(2066,21,4309605,'Horizontina','RS'),(2067,25,3519071,'Hortolândia','SP'),(2068,18,2204600,'Hugo Napoleão','PI'),(2069,21,4309654,'Hulha Negra','RS'),(2070,4,1301704,'Humaitá','AM'),(2071,21,4309704,'Humaitá','RS'),(2072,10,2105005,'Humberto de Campos','MA'),(2073,25,3519105,'Iacanga','SP'),(2074,9,5209903,'Iaciara','GO'),(2075,25,3519204,'Iacri','SP'),(2076,5,2911907,'Iaçu','BA'),(2077,13,3129301,'Iapu','MG'),(2078,25,3519253,'Iaras','SP'),(2079,17,2606507,'Iati','PE'),(2080,16,4109708,'Ibaiti','PR'),(2081,21,4309753,'Ibarama','RS'),(2082,6,2305266,'Ibaretama','CE'),(2083,25,3519303,'Ibaté','SP'),(2084,2,2703007,'Ibateguara','AL'),(2085,8,3202454,'Ibatiba','ES'),(2086,16,4109757,'Ibema','PR'),(2087,13,3129400,'Ibertioga','MG'),(2088,13,3129509,'Ibiá','MG'),(2089,21,4309803,'Ibiaçá','RS'),(2090,13,3129608,'Ibiaí','MG'),(2091,24,4206751,'Ibiam','SC'),(2092,6,2305308,'Ibiapina','CE'),(2093,15,2506608,'Ibiara','PB'),(2094,5,2912004,'Ibiassucê','BA'),(2095,5,2912103,'Ibicaraí','BA'),(2096,24,4206801,'Ibicaré','SC'),(2097,5,2912202,'Ibicoara','BA'),(2098,5,2912301,'Ibicuí','BA'),(2099,6,2305332,'Ibicuitinga','CE'),(2100,17,2606606,'Ibimirim','PE'),(2101,5,2912400,'Ibipeba','BA'),(2102,5,2912509,'Ibipitanga','BA'),(2103,16,4109807,'Ibiporã','PR'),(2104,5,2912608,'Ibiquera','BA'),(2105,25,3519402,'Ibirá','SP'),(2106,13,3129657,'Ibiracatu','MG'),(2107,13,3129707,'Ibiraci','MG'),(2108,8,3202504,'Ibiraçu','ES'),(2109,21,4309902,'Ibiraiaras','RS'),(2110,17,2606705,'Ibirajuba','PE'),(2111,24,4206900,'Ibirama','SC'),(2112,5,2912707,'Ibirapitanga','BA'),(2113,5,2912806,'Ibirapuã','BA'),(2114,21,4309951,'Ibirapuitã','RS'),(2115,25,3519501,'Ibirarema','SP'),(2116,5,2912905,'Ibirataia','BA'),(2117,13,3129806,'Ibirité','MG'),(2118,21,4310009,'Ibirubá','RS'),(2119,5,2913002,'Ibitiara','BA'),(2120,25,3519600,'Ibitinga','SP'),(2121,8,3202553,'Ibitirama','ES'),(2122,5,2913101,'Ibititá','BA'),(2123,13,3129905,'Ibitiúra de Minas','MG'),(2124,13,3130002,'Ibituruna','MG'),(2125,25,3519709,'Ibiúna','SP'),(2126,5,2913200,'Ibotirama','BA'),(2127,6,2305357,'Icapuí','CE'),(2128,24,4207007,'Içara','SC'),(2129,13,3130051,'Icaraí de Minas','MG'),(2130,16,4109906,'Icaraíma','PR'),(2131,10,2105104,'Icatu','MA'),(2132,25,3519808,'Icém','SP'),(2133,5,2913309,'Ichu','BA'),(2134,6,2305407,'Icó','CE'),(2135,8,3202603,'Iconha','ES'),(2136,20,2404606,'Ielmo Marinho','RN'),(2137,25,3519907,'Iepê','SP'),(2138,2,2703106,'Igaci','AL'),(2139,5,2913408,'Igaporã','BA'),(2140,25,3520004,'Igaraçu do Tietê','SP'),(2141,15,2502607,'Igaracy','PB'),(2142,25,3520103,'Igarapava','SP'),(2143,13,3130101,'Igarapé','MG'),(2144,10,2105153,'Igarapé do Meio','MA'),(2145,10,2105203,'Igarapé Grande','MA'),(2146,14,1503200,'Igarapé-Açu','PA'),(2147,14,1503309,'Igarapé-Miri','PA'),(2148,17,2606804,'Igarassu','PE'),(2149,25,3520202,'Igaratá','SP'),(2150,13,3130200,'Igaratinga','MG'),(2151,5,2913457,'Igrapiúna','BA'),(2152,2,2703205,'Igreja Nova','AL'),(2153,21,4310108,'Igrejinha','RS'),(2154,19,3301876,'Iguaba Grande','RJ'),(2155,5,2913507,'Iguaí','BA'),(2156,25,3520301,'Iguape','SP'),(2157,17,2606903,'Iguaraci','PE'),(2158,16,4110003,'Iguaraçu','PR'),(2159,13,3130309,'Iguatama','MG'),(2160,12,5004304,'Iguatemi','MS'),(2161,6,2305506,'Iguatu','CE'),(2162,16,4110052,'Iguatu','PR'),(2163,13,3130408,'Ijaci','MG'),(2164,21,4310207,'Ijuí','RS'),(2165,25,3520426,'Ilha Comprida','SP'),(2166,26,2802700,'Ilha das Flores','SE'),(2167,17,2607604,'Ilha de Itamaracá','PE'),(2168,18,2204659,'Ilha Grande','PI'),(2169,25,3520442,'Ilha Solteira','SP'),(2170,25,3520400,'Ilhabela','SP'),(2171,5,2913606,'Ilhéus','BA'),(2172,24,4207106,'Ilhota','SC'),(2173,13,3130507,'Ilicínea','MG'),(2174,21,4310306,'Ilópolis','RS'),(2175,15,2506707,'Imaculada','PB'),(2176,24,4207205,'Imaruí','SC'),(2177,16,4110078,'Imbaú','PR'),(2178,21,4310330,'Imbé','RS'),(2179,13,3130556,'Imbé de Minas','MG'),(2180,24,4207304,'Imbituba','SC'),(2181,16,4110102,'Imbituva','PR'),(2182,24,4207403,'Imbuia','SC'),(2183,21,4310363,'Imigrante','RS'),(2184,10,2105302,'Imperatriz','MA'),(2185,16,4110201,'Inácio Martins','PR'),(2186,9,5209937,'Inaciolândia','GO'),(2187,17,2607000,'Inajá','PE'),(2188,16,4110300,'Inajá','PR'),(2189,13,3130606,'Inconfidentes','MG'),(2190,13,3130655,'Indaiabira','MG'),(2191,24,4207502,'Indaial','SC'),(2192,25,3520509,'Indaiatuba','SP'),(2193,6,2305605,'Independência','CE'),(2194,21,4310405,'Independência','RS'),(2195,25,3520608,'Indiana','SP'),(2196,13,3130705,'Indianópolis','MG'),(2197,16,4110409,'Indianópolis','PR'),(2198,25,3520707,'Indiaporã','SP'),(2199,9,5209952,'Indiara','GO'),(2200,26,2802809,'Indiaroba','SE'),(2201,11,5104500,'Indiavaí','MT'),(2202,15,2506806,'Ingá','PB'),(2203,13,3130804,'Ingaí','MG'),(2204,17,2607109,'Ingazeira','PE'),(2205,21,4310413,'Inhacorá','RS'),(2206,5,2913705,'Inhambupe','BA'),(2207,14,1503408,'Inhangapi','PA'),(2208,2,2703304,'Inhapi','AL'),(2209,13,3130903,'Inhapim','MG'),(2210,13,3131000,'Inhaúma','MG'),(2211,18,2204709,'Inhuma','PI'),(2212,9,5210000,'Inhumas','GO'),(2213,13,3131109,'Inimutaba','MG'),(2214,12,5004403,'Inocência','MS'),(2215,25,3520806,'Inúbia Paulista','SP'),(2216,24,4207577,'Iomerê','SC'),(2217,13,3131158,'Ipaba','MG'),(2218,9,5210109,'Ipameri','GO'),(2219,13,3131208,'Ipanema','MG'),(2220,20,2404705,'Ipanguaçu','RN'),(2221,6,2305654,'Ipaporanga','CE'),(2222,13,3131307,'Ipatinga','MG'),(2223,6,2305704,'Ipaumirim','CE'),(2224,25,3520905,'Ipaussu','SP'),(2225,21,4310439,'Ipê','RS'),(2226,5,2913804,'Ipecaetá','BA'),(2227,25,3521002,'Iperó','SP'),(2228,25,3521101,'Ipeúna','SP'),(2229,13,3131406,'Ipiaçu','MG'),(2230,5,2913903,'Ipiaú','BA'),(2231,25,3521150,'Ipiguá','SP'),(2232,24,4207601,'Ipira','SC'),(2233,5,2914000,'Ipirá','BA'),(2234,16,4110508,'Ipiranga','PR'),(2235,9,5210158,'Ipiranga de Goiás','GO'),(2236,11,5104526,'Ipiranga do Norte','MT'),(2237,18,2204808,'Ipiranga do Piauí','PI'),(2238,21,4310462,'Ipiranga do Sul','RS'),(2239,4,1301803,'Ipixuna','AM'),(2240,14,1503457,'Ipixuna do Pará','PA'),(2241,17,2607208,'Ipojuca','PE'),(2242,9,5210208,'Iporá','GO'),(2243,16,4110607,'Iporã','PR'),(2244,24,4207650,'Iporã do Oeste','SC'),(2245,25,3521200,'Iporanga','SP'),(2246,6,2305803,'Ipu','CE'),(2247,25,3521309,'Ipuã','SP'),(2248,24,4207684,'Ipuaçu','SC'),(2249,17,2607307,'Ipubi','PE'),(2250,20,2404804,'Ipueira','RN'),(2251,6,2305902,'Ipueiras','CE'),(2252,27,1709807,'Ipueiras','TO'),(2253,13,3131505,'Ipuiúna','MG'),(2254,24,4207700,'Ipumirim','SC'),(2255,5,2914109,'Ipupiara','BA'),(2256,6,2306009,'Iracema','CE'),(2257,23,1400282,'Iracema','RR'),(2258,16,4110656,'Iracema do Oeste','PR'),(2259,25,3521408,'Iracemápolis','SP'),(2260,24,4207759,'Iraceminha','SC'),(2261,21,4310504,'Iraí','RS'),(2262,13,3131604,'Iraí de Minas','MG'),(2263,5,2914208,'Irajuba','BA'),(2264,5,2914307,'Iramaia','BA'),(2265,4,1301852,'Iranduba','AM'),(2266,24,4207809,'Irani','SC'),(2267,25,3521507,'Irapuã','SP'),(2268,25,3521606,'Irapuru','SP'),(2269,5,2914406,'Iraquara','BA'),(2270,5,2914505,'Irará','BA'),(2271,16,4110706,'Irati','PR'),(2272,24,4207858,'Irati','SC'),(2273,6,2306108,'Irauçuba','CE'),(2274,5,2914604,'Irecê','BA'),(2275,16,4110805,'Iretama','PR'),(2276,24,4207908,'Irineópolis','SC'),(2277,14,1503507,'Irituia','PA'),(2278,8,3202652,'Irupi','ES'),(2279,18,2204907,'Isaías Coelho','PI'),(2280,9,5210307,'Israelândia','GO'),(2281,24,4208005,'Itá','SC'),(2282,21,4310538,'Itaara','RS'),(2283,15,2506905,'Itabaiana','PB'),(2284,26,2802908,'Itabaiana','SE'),(2285,26,2803005,'Itabaianinha','SE'),(2286,5,2914653,'Itabela','BA'),(2287,25,3521705,'Itaberá','SP'),(2288,5,2914703,'Itaberaba','BA'),(2289,9,5210406,'Itaberaí','GO'),(2290,26,2803104,'Itabi','SE'),(2291,13,3131703,'Itabira','MG'),(2292,13,3131802,'Itabirinha','MG'),(2293,13,3131901,'Itabirito','MG'),(2294,19,3301900,'Itaboraí','RJ'),(2295,5,2914802,'Itabuna','BA'),(2296,27,1710508,'Itacajá','TO'),(2297,13,3132008,'Itacambira','MG'),(2298,13,3132107,'Itacarambi','MG'),(2299,5,2914901,'Itacaré','BA'),(2300,4,1301902,'Itacoatiara','AM'),(2301,17,2607406,'Itacuruba','PE'),(2302,21,4310553,'Itacurubi','RS'),(2303,5,2915007,'Itaeté','BA'),(2304,5,2915106,'Itagi','BA'),(2305,5,2915205,'Itagibá','BA'),(2306,5,2915304,'Itagimirim','BA'),(2307,8,3202702,'Itaguaçu','ES'),(2308,5,2915353,'Itaguaçu da Bahia','BA'),(2309,19,3302007,'Itaguaí','RJ'),(2310,16,4110904,'Itaguajé','PR'),(2311,13,3132206,'Itaguara','MG'),(2312,9,5210562,'Itaguari','GO'),(2313,9,5210604,'Itaguaru','GO'),(2314,27,1710706,'Itaguatins','TO'),(2315,25,3521804,'Itaí','SP'),(2316,17,2607505,'Itaíba','PE'),(2317,6,2306207,'Itaiçaba','CE'),(2318,18,2205003,'Itainópolis','PI'),(2319,24,4208104,'Itaiópolis','SC'),(2320,10,2105351,'Itaipava do Grajaú','MA'),(2321,13,3132305,'Itaipé','MG'),(2322,16,4110953,'Itaipulândia','PR'),(2323,6,2306256,'Itaitinga','CE'),(2324,14,1503606,'Itaituba','PA'),(2325,9,5210802,'Itajá','GO'),(2326,20,2404853,'Itajá','RN'),(2327,24,4208203,'Itajaí','SC'),(2328,25,3521903,'Itajobi','SP'),(2329,25,3522000,'Itaju','SP'),(2330,5,2915403,'Itaju do Colônia','BA'),(2331,13,3132404,'Itajubá','MG'),(2332,5,2915502,'Itajuípe','BA'),(2333,19,3302056,'Italva','RJ'),(2334,5,2915601,'Itamaraju','BA'),(2335,13,3132503,'Itamarandiba','MG'),(2336,4,1301951,'Itamarati','AM'),(2337,13,3132602,'Itamarati de Minas','MG'),(2338,5,2915700,'Itamari','BA'),(2339,13,3132701,'Itambacuri','MG'),(2340,16,4111001,'Itambaracá','PR'),(2341,5,2915809,'Itambé','BA'),(2342,17,2607653,'Itambé','PE'),(2343,16,4111100,'Itambé','PR'),(2344,13,3132800,'Itambé do Mato Dentro','MG'),(2345,13,3132909,'Itamogi','MG'),(2346,13,3133006,'Itamonte','MG'),(2347,5,2915908,'Itanagra','BA'),(2348,25,3522109,'Itanhaém','SP'),(2349,13,3133105,'Itanhandu','MG'),(2350,11,5104542,'Itanhangá','MT'),(2351,5,2916005,'Itanhém','BA'),(2352,13,3133204,'Itanhomi','MG'),(2353,13,3133303,'Itaobim','MG'),(2354,25,3522158,'Itaóca','SP'),(2355,19,3302106,'Itaocara','RJ'),(2356,9,5210901,'Itapaci','GO'),(2357,6,2306306,'Itapagé','CE'),(2358,13,3133402,'Itapagipe','MG'),(2359,5,2916104,'Itaparica','BA'),(2360,5,2916203,'Itapé','BA'),(2361,5,2916302,'Itapebi','BA'),(2362,13,3133501,'Itapecerica','MG'),(2363,25,3522208,'Itapecerica da Serra','SP'),(2364,10,2105401,'Itapecuru Mirim','MA'),(2365,16,4111209,'Itapejara d\'Oeste','PR'),(2366,24,4208302,'Itapema','SC'),(2367,8,3202801,'Itapemirim','ES'),(2368,16,4111258,'Itaperuçu','PR'),(2369,19,3302205,'Itaperuna','RJ'),(2370,17,2607703,'Itapetim','PE'),(2371,5,2916401,'Itapetinga','BA'),(2372,25,3522307,'Itapetininga','SP'),(2373,13,3133600,'Itapeva','MG'),(2374,25,3522406,'Itapeva','SP'),(2375,25,3522505,'Itapevi','SP'),(2376,5,2916500,'Itapicuru','BA'),(2377,6,2306405,'Itapipoca','CE'),(2378,25,3522604,'Itapira','SP'),(2379,4,1302009,'Itapiranga','AM'),(2380,24,4208401,'Itapiranga','SC'),(2381,9,5211008,'Itapirapuã','GO'),(2382,25,3522653,'Itapirapuã Paulista','SP'),(2383,27,1710904,'Itapiratins','TO'),(2384,17,2607752,'Itapissuma','PE'),(2385,5,2916609,'Itapitanga','BA'),(2386,6,2306504,'Itapiúna','CE'),(2387,24,4208450,'Itapoá','SC'),(2388,25,3522703,'Itápolis','SP'),(2389,12,5004502,'Itaporã','MS'),(2390,27,1711100,'Itaporã do Tocantins','TO'),(2391,15,2507002,'Itaporanga','PB'),(2392,25,3522802,'Itaporanga','SP'),(2393,26,2803203,'Itaporanga d\'Ajuda','SE'),(2394,15,2507101,'Itapororoca','PB'),(2395,22,1101104,'Itapuã do Oeste','RO'),(2396,21,4310579,'Itapuca','RS'),(2397,25,3522901,'Itapuí','SP'),(2398,25,3523008,'Itapura','SP'),(2399,9,5211206,'Itapuranga','GO'),(2400,25,3523107,'Itaquaquecetuba','SP'),(2401,5,2916708,'Itaquara','BA'),(2402,21,4310603,'Itaqui','RS'),(2403,12,5004601,'Itaquiraí','MS'),(2404,17,2607802,'Itaquitinga','PE'),(2405,8,3202900,'Itarana','ES'),(2406,5,2916807,'Itarantim','BA'),(2407,25,3523206,'Itararé','SP'),(2408,6,2306553,'Itarema','CE'),(2409,25,3523305,'Itariri','SP'),(2410,9,5211305,'Itarumã','GO'),(2411,21,4310652,'Itati','RS'),(2412,19,3302254,'Itatiaia','RJ'),(2413,13,3133709,'Itatiaiuçu','MG'),(2414,25,3523404,'Itatiba','SP'),(2415,21,4310702,'Itatiba do Sul','RS'),(2416,5,2916856,'Itatim','BA'),(2417,25,3523503,'Itatinga','SP'),(2418,6,2306603,'Itatira','CE'),(2419,15,2507200,'Itatuba','PB'),(2420,20,2404903,'Itaú','RN'),(2421,13,3133758,'Itaú de Minas','MG'),(2422,11,5104559,'Itaúba','MT'),(2423,3,1600253,'Itaubal','AP'),(2424,9,5211404,'Itauçu','GO'),(2425,18,2205102,'Itaueira','PI'),(2426,13,3133808,'Itaúna','MG'),(2427,16,4111308,'Itaúna do Sul','PR'),(2428,13,3133907,'Itaverava','MG'),(2429,13,3134004,'Itinga','MG'),(2430,10,2105427,'Itinga do Maranhão','MA'),(2431,11,5104609,'Itiquira','MT'),(2432,25,3523602,'Itirapina','SP'),(2433,25,3523701,'Itirapuã','SP'),(2434,5,2916906,'Itiruçu','BA'),(2435,5,2917003,'Itiúba','BA'),(2436,25,3523800,'Itobi','SP'),(2437,5,2917102,'Itororó','BA'),(2438,25,3523909,'Itu','SP'),(2439,5,2917201,'Ituaçu','BA'),(2440,5,2917300,'Ituberá','BA'),(2441,13,3134103,'Itueta','MG'),(2442,13,3134202,'Ituiutaba','MG'),(2443,9,5211503,'Itumbiara','GO'),(2444,13,3134301,'Itumirim','MG'),(2445,25,3524006,'Itupeva','SP'),(2446,14,1503705,'Itupiranga','PA'),(2447,24,4208500,'Ituporanga','SC'),(2448,13,3134400,'Iturama','MG'),(2449,13,3134509,'Itutinga','MG'),(2450,25,3524105,'Ituverava','SP'),(2451,5,2917334,'Iuiú','BA'),(2452,8,3203007,'Iúna','ES'),(2453,16,4111407,'Ivaí','PR'),(2454,16,4111506,'Ivaiporã','PR'),(2455,16,4111555,'Ivaté','PR'),(2456,16,4111605,'Ivatuba','PR'),(2457,12,5004700,'Ivinhema','MS'),(2458,9,5211602,'Ivolândia','GO'),(2459,21,4310751,'Ivorá','RS'),(2460,21,4310801,'Ivoti','RS'),(2461,17,2607901,'Jaboatão dos Guararapes','PE'),(2462,24,4208609,'Jaborá','SC'),(2463,5,2917359,'Jaborandi','BA'),(2464,25,3524204,'Jaborandi','SP'),(2465,16,4111704,'Jaboti','PR'),(2466,21,4310850,'Jaboticaba','RS'),(2467,25,3524303,'Jaboticabal','SP'),(2468,13,3134608,'Jaboticatubas','MG'),(2469,20,2405009,'Jaçanã','RN'),(2470,5,2917409,'Jacaraci','BA'),(2471,15,2507309,'Jacaraú','PB'),(2472,2,2703403,'Jacaré dos Homens','AL'),(2473,14,1503754,'Jacareacanga','PA'),(2474,25,3524402,'Jacareí','SP'),(2475,16,4111803,'Jacarezinho','PR'),(2476,25,3524501,'Jaci','SP'),(2477,11,5104807,'Jaciara','MT'),(2478,13,3134707,'Jacinto','MG'),(2479,24,4208708,'Jacinto Machado','SC'),(2480,5,2917508,'Jacobina','BA'),(2481,18,2205151,'Jacobina do Piauí','PI'),(2482,13,3134806,'Jacuí','MG'),(2483,2,2703502,'Jacuípe','AL'),(2484,21,4310876,'Jacuizinho','RS'),(2485,14,1503804,'Jacundá','PA'),(2486,25,3524600,'Jacupiranga','SP'),(2487,13,3134905,'Jacutinga','MG'),(2488,21,4310900,'Jacutinga','RS'),(2489,16,4111902,'Jaguapitã','PR'),(2490,5,2917607,'Jaguaquara','BA'),(2491,13,3135001,'Jaguaraçu','MG'),(2492,21,4311007,'Jaguarão','RS'),(2493,5,2917706,'Jaguarari','BA'),(2494,8,3203056,'Jaguaré','ES'),(2495,6,2306702,'Jaguaretama','CE'),(2496,21,4311106,'Jaguari','RS'),(2497,16,4112009,'Jaguariaíva','PR'),(2498,6,2306801,'Jaguaribara','CE'),(2499,6,2306900,'Jaguaribe','CE'),(2500,5,2917805,'Jaguaripe','BA'),(2501,25,3524709,'Jaguariúna','SP'),(2502,6,2307007,'Jaguaruana','CE'),(2503,24,4208807,'Jaguaruna','SC'),(2504,13,3135050,'Jaíba','MG'),(2505,18,2205201,'Jaicós','PI'),(2506,25,3524808,'Jales','SP'),(2507,25,3524907,'Jambeiro','SP'),(2508,13,3135076,'Jampruca','MG'),(2509,13,3135100,'Janaúba','MG'),(2510,9,5211701,'Jandaia','GO'),(2511,16,4112108,'Jandaia do Sul','PR'),(2512,5,2917904,'Jandaíra','BA'),(2513,20,2405108,'Jandaíra','RN'),(2514,25,3525003,'Jandira','SP'),(2515,20,2405207,'Janduís','RN'),(2516,11,5104906,'Jangada','MT'),(2517,16,4112207,'Janiópolis','PR'),(2518,13,3135209,'Januária','MG'),(2519,20,2405306,'Januário Cicco','RN'),(2520,13,3135308,'Japaraíba','MG'),(2521,2,2703601,'Japaratinga','AL'),(2522,26,2803302,'Japaratuba','SE'),(2523,19,3302270,'Japeri','RJ'),(2524,20,2405405,'Japi','RN'),(2525,16,4112306,'Japira','PR'),(2526,26,2803401,'Japoatã','SE'),(2527,13,3135357,'Japonvar','MG'),(2528,12,5004809,'Japorã','MS'),(2529,4,1302108,'Japurá','AM'),(2530,16,4112405,'Japurá','PR'),(2531,17,2607950,'Jaqueira','PE'),(2532,21,4311122,'Jaquirana','RS'),(2533,9,5211800,'Jaraguá','GO'),(2534,24,4208906,'Jaraguá do Sul','SC'),(2535,12,5004908,'Jaraguari','MS'),(2536,2,2703700,'Jaramataia','AL'),(2537,6,2307106,'Jardim','CE'),(2538,12,5005004,'Jardim','MS'),(2539,16,4112504,'Jardim Alegre','PR'),(2540,20,2405504,'Jardim de Angicos','RN'),(2541,20,2405603,'Jardim de Piranhas','RN'),(2542,18,2205250,'Jardim do Mulato','PI'),(2543,20,2405702,'Jardim do Seridó','RN'),(2544,16,4112603,'Jardim Olinda','PR'),(2545,24,4208955,'Jardinópolis','SC'),(2546,25,3525102,'Jardinópolis','SP'),(2547,21,4311130,'Jari','RS'),(2548,25,3525201,'Jarinu','SP'),(2549,22,1100114,'Jaru','RO'),(2550,9,5211909,'Jataí','GO'),(2551,16,4112702,'Jataizinho','PR'),(2552,17,2608008,'Jataúba','PE'),(2553,12,5005103,'Jateí','MS'),(2554,6,2307205,'Jati','CE'),(2555,10,2105450,'Jatobá','MA'),(2556,17,2608057,'Jatobá','PE'),(2557,18,2205276,'Jatobá do Piauí','PI'),(2558,25,3525300,'Jaú','SP'),(2559,27,1711506,'Jaú do Tocantins','TO'),(2560,9,5212006,'Jaupaci','GO'),(2561,11,5105002,'Jauru','MT'),(2562,13,3135407,'Jeceaba','MG'),(2563,13,3135456,'Jenipapo de Minas','MG'),(2564,10,2105476,'Jenipapo dos Vieiras','MA'),(2565,13,3135506,'Jequeri','MG'),(2566,2,2703759,'Jequiá da Praia','AL'),(2567,5,2918001,'Jequié','BA'),(2568,13,3135605,'Jequitaí','MG'),(2569,13,3135704,'Jequitibá','MG'),(2570,13,3135803,'Jequitinhonha','MG'),(2571,5,2918100,'Jeremoabo','BA'),(2572,15,2507408,'Jericó','PB'),(2573,25,3525409,'Jeriquara','SP'),(2574,8,3203106,'Jerônimo Monteiro','ES'),(2575,18,2205300,'Jerumenha','PI'),(2576,13,3135902,'Jesuânia','MG'),(2577,16,4112751,'Jesuítas','PR'),(2578,9,5212055,'Jesúpolis','GO'),(2579,6,2307254,'Jijoca de Jericoacoara','CE'),(2580,22,1100122,'Ji-Paraná','RO'),(2581,5,2918209,'Jiquiriçá','BA'),(2582,5,2918308,'Jitaúna','BA'),(2583,24,4209003,'Joaçaba','SC'),(2584,13,3136009,'Joaíma','MG'),(2585,13,3136108,'Joanésia','MG'),(2586,25,3525508,'Joanópolis','SP'),(2587,17,2608107,'João Alfredo','PE'),(2588,20,2405801,'João Câmara','RN'),(2589,18,2205359,'João Costa','PI'),(2590,20,2405900,'João Dias','RN'),(2591,5,2918357,'João Dourado','BA'),(2592,10,2105500,'João Lisboa','MA'),(2593,13,3136207,'João Monlevade','MG'),(2594,8,3203130,'João Neiva','ES'),(2595,15,2507507,'João Pessoa','PB'),(2596,13,3136306,'João Pinheiro','MG'),(2597,25,3525607,'João Ramalho','SP'),(2598,13,3136405,'Joaquim Felício','MG'),(2599,2,2703809,'Joaquim Gomes','AL'),(2600,17,2608206,'Joaquim Nabuco','PE'),(2601,18,2205409,'Joaquim Pires','PI'),(2602,16,4112801,'Joaquim Távora','PR'),(2603,15,2513653,'Joca Claudino','PB'),(2604,18,2205458,'Joca Marques','PI'),(2605,21,4311155,'Jóia','RS'),(2606,24,4209102,'Joinville','SC'),(2607,13,3136504,'Jordânia','MG'),(2608,1,1200328,'Jordão','AC'),(2609,24,4209151,'José Boiteux','SC'),(2610,25,3525706,'José Bonifácio','SP'),(2611,20,2406007,'José da Penha','RN'),(2612,18,2205508,'José de Freitas','PI'),(2613,13,3136520,'José Gonçalves de Minas','MG'),(2614,13,3136553,'José Raydan','MG'),(2615,10,2105609,'Joselândia','MA'),(2616,13,3136579,'Josenópolis','MG'),(2617,9,5212105,'Joviânia','GO'),(2618,11,5105101,'Juara','MT'),(2619,15,2507606,'Juarez Távora','PB'),(2620,27,1711803,'Juarina','TO'),(2621,13,3136652,'Juatuba','MG'),(2622,15,2507705,'Juazeirinho','PB'),(2623,5,2918407,'Juazeiro','BA'),(2624,6,2307304,'Juazeiro do Norte','CE'),(2625,18,2205516,'Juazeiro do Piauí','PI'),(2626,6,2307403,'Jucás','CE'),(2627,17,2608255,'Jucati','PE'),(2628,5,2918456,'Jucuruçu','BA'),(2629,20,2406106,'Jucurutu','RN'),(2630,11,5105150,'Juína','MT'),(2631,13,3136702,'Juiz de Fora','MG'),(2632,18,2205524,'Júlio Borges','PI'),(2633,21,4311205,'Júlio de Castilhos','RS'),(2634,25,3525805,'Júlio Mesquita','SP'),(2635,25,3525854,'Jumirim','SP'),(2636,10,2105658,'Junco do Maranhão','MA'),(2637,15,2507804,'Junco do Seridó','PB'),(2638,2,2703908,'Jundiá','AL'),(2639,20,2406155,'Jundiá','RN'),(2640,25,3525904,'Jundiaí','SP'),(2641,16,4112900,'Jundiaí do Sul','PR'),(2642,2,2704005,'Junqueiro','AL'),(2643,25,3526001,'Junqueirópolis','SP'),(2644,17,2608305,'Jupi','PE'),(2645,24,4209177,'Jupiá','SC'),(2646,25,3526100,'Juquiá','SP'),(2647,25,3526209,'Juquitiba','SP'),(2648,13,3136801,'Juramento','MG'),(2649,16,4112959,'Juranda','PR'),(2650,17,2608404,'Jurema','PE'),(2651,18,2205532,'Jurema','PI'),(2652,15,2507903,'Juripiranga','PB'),(2653,15,2508000,'Juru','PB'),(2654,4,1302207,'Juruá','AM'),(2655,13,3136900,'Juruaia','MG'),(2656,11,5105176,'Juruena','MT'),(2657,14,1503903,'Juruti','PA'),(2658,11,5105200,'Juscimeira','MT'),(2659,5,2918506,'Jussara','BA'),(2660,9,5212204,'Jussara','GO'),(2661,16,4113007,'Jussara','PR'),(2662,5,2918555,'Jussari','BA'),(2663,5,2918605,'Jussiape','BA'),(2664,4,1302306,'Jutaí','AM'),(2665,12,5005152,'Juti','MS'),(2666,13,3136959,'Juvenília','MG'),(2667,16,4113106,'Kaloré','PR'),(2668,4,1302405,'Lábrea','AM'),(2669,24,4209201,'Lacerdópolis','SC'),(2670,13,3137007,'Ladainha','MG'),(2671,12,5005202,'Ladário','MS'),(2672,5,2918704,'Lafaiete Coutinho','BA'),(2673,13,3137106,'Lagamar','MG'),(2674,26,2803500,'Lagarto','SE'),(2675,24,4209300,'Lages','SC'),(2676,10,2105708,'Lago da Pedra','MA'),(2677,10,2105807,'Lago do Junco','MA'),(2678,10,2105948,'Lago dos Rodrigues','MA'),(2679,10,2105906,'Lago Verde','MA'),(2680,15,2508109,'Lagoa','PB'),(2681,18,2205557,'Lagoa Alegre','PI'),(2682,21,4311239,'Lagoa Bonita do Sul','RS'),(2683,2,2704104,'Lagoa da Canoa','AL'),(2684,27,1711902,'Lagoa da Confusão','TO'),(2685,13,3137205,'Lagoa da Prata','MG'),(2686,20,2406205,'Lagoa d\'Anta','RN'),(2687,15,2508208,'Lagoa de Dentro','PB'),(2688,17,2608503,'Lagoa de Itaenga','PE'),(2689,20,2406304,'Lagoa de Pedras','RN'),(2690,18,2205573,'Lagoa de São Francisco','PI'),(2691,20,2406403,'Lagoa de Velhos','RN'),(2692,18,2205565,'Lagoa do Barro do Piauí','PI'),(2693,17,2608453,'Lagoa do Carro','PE'),(2694,10,2105922,'Lagoa do Mato','MA'),(2695,17,2608602,'Lagoa do Ouro','PE'),(2696,18,2205581,'Lagoa do Piauí','PI'),(2697,18,2205599,'Lagoa do Sítio','PI'),(2698,27,1711951,'Lagoa do Tocantins','TO'),(2699,17,2608701,'Lagoa dos Gatos','PE'),(2700,13,3137304,'Lagoa dos Patos','MG'),(2701,21,4311270,'Lagoa dos Três Cantos','RS'),(2702,13,3137403,'Lagoa Dourada','MG'),(2703,13,3137502,'Lagoa Formosa','MG'),(2704,13,3137536,'Lagoa Grande','MG'),(2705,17,2608750,'Lagoa Grande','PE'),(2706,10,2105963,'Lagoa Grande do Maranhão','MA'),(2707,20,2406502,'Lagoa Nova','RN'),(2708,5,2918753,'Lagoa Real','BA'),(2709,20,2406601,'Lagoa Salgada','RN'),(2710,9,5212253,'Lagoa Santa','GO'),(2711,13,3137601,'Lagoa Santa','MG'),(2712,15,2508307,'Lagoa Seca','PB'),(2713,21,4311304,'Lagoa Vermelha','RS'),(2714,21,4311254,'Lagoão','RS'),(2715,25,3526308,'Lagoinha','SP'),(2716,18,2205540,'Lagoinha do Piauí','PI'),(2717,24,4209409,'Laguna','SC'),(2718,12,5005251,'Laguna Carapã','MS'),(2719,5,2918803,'Laje','BA'),(2720,19,3302304,'Laje do Muriaé','RJ'),(2721,21,4311403,'Lajeado','RS'),(2722,27,1712009,'Lajeado','TO'),(2723,21,4311429,'Lajeado do Bugre','RS'),(2724,24,4209458,'Lajeado Grande','SC'),(2725,10,2105989,'Lajeado Novo','MA'),(2726,5,2918902,'Lajedão','BA'),(2727,5,2919009,'Lajedinho','BA'),(2728,17,2608800,'Lajedo','PE'),(2729,5,2919058,'Lajedo do Tabocal','BA'),(2730,20,2406700,'Lajes','RN'),(2731,20,2406809,'Lajes Pintadas','RN'),(2732,13,3137700,'Lajinha','MG'),(2733,5,2919108,'Lamarão','BA'),(2734,13,3137809,'Lambari','MG'),(2735,11,5105234,'Lambari D\'Oeste','MT'),(2736,13,3137908,'Lamim','MG'),(2737,18,2205607,'Landri Sales','PI'),(2738,16,4113205,'Lapa','PR'),(2739,5,2919157,'Lapão','BA'),(2740,8,3203163,'Laranja da Terra','ES'),(2741,13,3138005,'Laranjal','MG'),(2742,16,4113254,'Laranjal','PR'),(2743,3,1600279,'Laranjal do Jari','AP'),(2744,25,3526407,'Laranjal Paulista','SP'),(2745,26,2803609,'Laranjeiras','SE'),(2746,16,4113304,'Laranjeiras do Sul','PR'),(2747,13,3138104,'Lassance','MG'),(2748,15,2508406,'Lastro','PB'),(2749,24,4209508,'Laurentino','SC'),(2750,5,2919207,'Lauro de Freitas','BA'),(2751,24,4209607,'Lauro Muller','SC'),(2752,27,1712157,'Lavandeira','TO'),(2753,25,3526506,'Lavínia','SP'),(2754,13,3138203,'Lavras','MG'),(2755,6,2307502,'Lavras da Mangabeira','CE'),(2756,21,4311502,'Lavras do Sul','RS'),(2757,25,3526605,'Lavrinhas','SP'),(2758,13,3138302,'Leandro Ferreira','MG'),(2759,24,4209706,'Lebon Régis','SC'),(2760,25,3526704,'Leme','SP'),(2761,13,3138351,'Leme do Prado','MG'),(2762,5,2919306,'Lençóis','BA'),(2763,25,3526803,'Lençóis Paulista','SP'),(2764,24,4209805,'Leoberto Leal','SC'),(2765,13,3138401,'Leopoldina','MG'),(2766,9,5212303,'Leopoldo de Bulhões','GO'),(2767,16,4113403,'Leópolis','PR'),(2768,21,4311601,'Liberato Salzano','RS'),(2769,13,3138500,'Liberdade','MG'),(2770,5,2919405,'Licínio de Almeida','BA'),(2771,16,4113429,'Lidianópolis','PR'),(2772,10,2106003,'Lima Campos','MA'),(2773,13,3138609,'Lima Duarte','MG'),(2774,25,3526902,'Limeira','SP'),(2775,13,3138625,'Limeira do Oeste','MG'),(2776,17,2608909,'Limoeiro','PE'),(2777,2,2704203,'Limoeiro de Anadia','AL'),(2778,14,1504000,'Limoeiro do Ajuru','PA'),(2779,6,2307601,'Limoeiro do Norte','CE'),(2780,16,4113452,'Lindoeste','PR'),(2781,25,3527009,'Lindóia','SP'),(2782,24,4209854,'Lindóia do Sul','SC'),(2783,21,4311627,'Lindolfo Collor','RS'),(2784,21,4311643,'Linha Nova','RS'),(2785,8,3203205,'Linhares','ES'),(2786,25,3527108,'Lins','SP'),(2787,15,2508505,'Livramento','PB'),(2788,5,2919504,'Livramento de Nossa Senhora','BA'),(2789,27,1712405,'Lizarda','TO'),(2790,16,4113502,'Loanda','PR'),(2791,16,4113601,'Lobato','PR'),(2792,15,2508554,'Logradouro','PB'),(2793,16,4113700,'Londrina','PR'),(2794,13,3138658,'Lontra','MG'),(2795,24,4209904,'Lontras','SC'),(2796,25,3527207,'Lorena','SP'),(2797,10,2106102,'Loreto','MA'),(2798,25,3527256,'Lourdes','SP'),(2799,25,3527306,'Louveira','SP'),(2800,11,5105259,'Lucas do Rio Verde','MT'),(2801,25,3527405,'Lucélia','SP'),(2802,15,2508604,'Lucena','PB'),(2803,25,3527504,'Lucianópolis','SP'),(2804,11,5105309,'Luciara','MT'),(2805,20,2406908,'Lucrécia','RN'),(2806,25,3527603,'Luís Antônio','SP'),(2807,18,2205706,'Luís Correia','PI'),(2808,10,2106201,'Luís Domingues','MA'),(2809,5,2919553,'Luís Eduardo Magalhães','BA'),(2810,20,2407005,'Luís Gomes','RN'),(2811,13,3138674,'Luisburgo','MG'),(2812,13,3138682,'Luislândia','MG'),(2813,24,4210001,'Luiz Alves','SC'),(2814,16,4113734,'Luiziana','PR'),(2815,25,3527702,'Luiziânia','SP'),(2816,13,3138708,'Luminárias','MG'),(2817,16,4113759,'Lunardelli','PR'),(2818,25,3527801,'Lupércio','SP'),(2819,16,4113809,'Lupionópolis','PR'),(2820,25,3527900,'Lutécia','SP'),(2821,13,3138807,'Luz','MG'),(2822,24,4210035,'Luzerna','SC'),(2823,9,5212501,'Luziânia','GO'),(2824,18,2205805,'Luzilândia','PI'),(2825,27,1712454,'Luzinópolis','TO'),(2826,19,3302403,'Macaé','RJ'),(2827,20,2407104,'Macaíba','RN'),(2828,5,2919603,'Macajuba','BA'),(2829,21,4311718,'Maçambará','RS'),(2830,26,2803708,'Macambira','SE'),(2831,3,1600303,'Macapá','AP'),(2832,17,2609006,'Macaparana','PE'),(2833,5,2919702,'Macarani','BA'),(2834,25,3528007,'Macatuba','SP'),(2835,20,2407203,'Macau','RN'),(2836,25,3528106,'Macaubal','SP'),(2837,5,2919801,'Macaúbas','BA'),(2838,25,3528205,'Macedônia','SP'),(2839,2,2704302,'Maceió','AL'),(2840,13,3138906,'Machacalis','MG'),(2841,21,4311700,'Machadinho','RS'),(2842,22,1100130,'Machadinho D\'Oeste','RO'),(2843,13,3139003,'Machado','MG'),(2844,17,2609105,'Machados','PE'),(2845,24,4210050,'Macieira','SC'),(2846,19,3302452,'Macuco','RJ'),(2847,5,2919900,'Macururé','BA'),(2848,6,2307635,'Madalena','CE'),(2849,18,2205854,'Madeiro','PI'),(2850,5,2919926,'Madre de Deus','BA'),(2851,13,3139102,'Madre de Deus de Minas','MG'),(2852,15,2508703,'Mãe d\'Água','PB'),(2853,14,1504059,'Mãe do Rio','PA'),(2854,5,2919959,'Maetinga','BA'),(2855,24,4210100,'Mafra','SC'),(2856,14,1504109,'Magalhães Barata','PA'),(2857,10,2106300,'Magalhães de Almeida','MA'),(2858,25,3528304,'Magda','SP'),(2859,19,3302502,'Magé','RJ'),(2860,5,2920007,'Maiquinique','BA'),(2861,5,2920106,'Mairi','BA'),(2862,25,3528403,'Mairinque','SP'),(2863,25,3528502,'Mairiporã','SP'),(2864,9,5212600,'Mairipotaba','GO'),(2865,24,4210209,'Major Gercino','SC'),(2866,2,2704401,'Major Isidoro','AL'),(2867,20,2407252,'Major Sales','RN'),(2868,24,4210308,'Major Vieira','SC'),(2869,13,3139201,'Malacacheta','MG'),(2870,5,2920205,'Malhada','BA'),(2871,5,2920304,'Malhada de Pedras','BA'),(2872,26,2803807,'Malhada dos Bois','SE'),(2873,26,2803906,'Malhador','SE'),(2874,16,4113908,'Mallet','PR'),(2875,15,2508802,'Malta','PB'),(2876,15,2508901,'Mamanguape','PB'),(2877,9,5212709,'Mambaí','GO'),(2878,16,4114005,'Mamborê','PR'),(2879,13,3139250,'Mamonas','MG'),(2880,21,4311734,'Mampituba','RS'),(2881,4,1302504,'Manacapuru','AM'),(2882,15,2509008,'Manaíra','PB'),(2883,4,1302553,'Manaquiri','AM'),(2884,17,2609154,'Manari','PE'),(2885,4,1302603,'Manaus','AM'),(2886,1,1200336,'Mâncio Lima','AC'),(2887,16,4114104,'Mandaguaçu','PR'),(2888,16,4114203,'Mandaguari','PR'),(2889,16,4114302,'Mandirituba','PR'),(2890,25,3528601,'Manduri','SP'),(2891,16,4114351,'Manfrinópolis','PR'),(2892,13,3139300,'Manga','MG'),(2893,19,3302601,'Mangaratiba','RJ'),(2894,16,4114401,'Mangueirinha','PR'),(2895,13,3139409,'Manhuaçu','MG'),(2896,13,3139508,'Manhumirim','MG'),(2897,4,1302702,'Manicoré','AM'),(2898,18,2205904,'Manoel Emídio','PI'),(2899,16,4114500,'Manoel Ribas','PR'),(2900,1,1200344,'Manoel Urbano','AC'),(2901,21,4311759,'Manoel Viana','RS'),(2902,5,2920403,'Manoel Vitorino','BA'),(2903,5,2920452,'Mansidão','BA'),(2904,13,3139607,'Mantena','MG'),(2905,8,3203304,'Mantenópolis','ES'),(2906,21,4311775,'Maquiné','RS'),(2907,13,3139805,'Mar de Espanha','MG'),(2908,2,2704906,'Mar Vermelho','AL'),(2909,9,5212808,'Mara Rosa','GO'),(2910,4,1302801,'Maraã','AM'),(2911,14,1504208,'Marabá','PA'),(2912,25,3528700,'Marabá Paulista','SP'),(2913,10,2106326,'Maracaçumé','MA'),(2914,25,3528809,'Maracaí','SP'),(2915,24,4210407,'Maracajá','SC'),(2916,12,5005400,'Maracaju','MS'),(2917,14,1504307,'Maracanã','PA'),(2918,6,2307650,'Maracanaú','CE'),(2919,5,2920502,'Maracás','BA'),(2920,2,2704500,'Maragogi','AL'),(2921,5,2920601,'Maragogipe','BA'),(2922,17,2609204,'Maraial','PE'),(2923,10,2106359,'Marajá do Sena','MA'),(2924,6,2307700,'Maranguape','CE'),(2925,10,2106375,'Maranhãozinho','MA'),(2926,14,1504406,'Marapanim','PA'),(2927,25,3528858,'Marapoama','SP'),(2928,21,4311791,'Maratá','RS'),(2929,8,3203320,'Marataízes','ES'),(2930,21,4311809,'Marau','RS'),(2931,5,2920700,'Maraú','BA'),(2932,2,2704609,'Maravilha','AL'),(2933,24,4210506,'Maravilha','SC'),(2934,13,3139706,'Maravilhas','MG'),(2935,15,2509057,'Marcação','PB'),(2936,11,5105580,'Marcelândia','MT'),(2937,21,4311908,'Marcelino Ramos','RS'),(2938,20,2407302,'Marcelino Vieira','RN'),(2939,5,2920809,'Marcionílio Souza','BA'),(2940,6,2307809,'Marco','CE'),(2941,18,2205953,'Marcolândia','PI'),(2942,18,2206001,'Marcos Parente','PI'),(2943,16,4114609,'Marechal Cândido Rondon','PR'),(2944,2,2704708,'Marechal Deodoro','AL'),(2945,8,3203346,'Marechal Floriano','ES'),(2946,1,1200351,'Marechal Thaumaturgo','AC'),(2947,24,4210555,'Marema','SC'),(2948,15,2509107,'Mari','PB'),(2949,13,3139904,'Maria da Fé','MG'),(2950,16,4114708,'Maria Helena','PR'),(2951,16,4114807,'Marialva','PR'),(2952,13,3140001,'Mariana','MG'),(2953,21,4311981,'Mariana Pimentel','RS'),(2954,21,4312005,'Mariano Moro','RS'),(2955,27,1712504,'Marianópolis do Tocantins','TO'),(2956,25,3528908,'Mariápolis','SP'),(2957,2,2704807,'Maribondo','AL'),(2958,19,3302700,'Maricá','RJ'),(2959,13,3140100,'Marilac','MG'),(2960,8,3203353,'Marilândia','ES'),(2961,16,4114906,'Marilândia do Sul','PR'),(2962,16,4115002,'Marilena','PR'),(2963,25,3529005,'Marília','SP'),(2964,16,4115101,'Mariluz','PR'),(2965,16,4115200,'Maringá','PR'),(2966,25,3529104,'Marinópolis','SP'),(2967,13,3140159,'Mário Campos','MG'),(2968,16,4115309,'Mariópolis','PR'),(2969,16,4115358,'Maripá','PR'),(2970,13,3140209,'Maripá de Minas','MG'),(2971,14,1504422,'Marituba','PA'),(2972,15,2509156,'Marizópolis','PB'),(2973,13,3140308,'Marliéria','MG'),(2974,16,4115408,'Marmeleiro','PR'),(2975,13,3140407,'Marmelópolis','MG'),(2976,21,4312054,'Marques de Souza','RS'),(2977,16,4115457,'Marquinho','PR'),(2978,13,3140506,'Martinho Campos','MG'),(2979,6,2307908,'Martinópole','CE'),(2980,25,3529203,'Martinópolis','SP'),(2981,20,2407401,'Martins','RN'),(2982,13,3140530,'Martins Soares','MG'),(2983,26,2804003,'Maruim','SE'),(2984,16,4115507,'Marumbi','PR'),(2985,9,5212907,'Marzagão','GO'),(2986,5,2920908,'Mascote','BA'),(2987,6,2308005,'Massapê','CE'),(2988,18,2206050,'Massapê do Piauí','PI'),(2989,15,2509206,'Massaranduba','PB'),(2990,24,4210605,'Massaranduba','SC'),(2991,21,4312104,'Mata','RS'),(2992,5,2921005,'Mata de São João','BA'),(2993,2,2705002,'Mata Grande','AL'),(2994,10,2106409,'Mata Roma','MA'),(2995,13,3140555,'Mata Verde','MG'),(2996,25,3529302,'Matão','SP'),(2997,15,2509305,'Mataraca','PB'),(2998,27,1712702,'Mateiros','TO'),(2999,16,4115606,'Matelândia','PR'),(3000,13,3140605,'Materlândia','MG'),(3001,13,3140704,'Mateus Leme','MG'),(3002,13,3171501,'Mathias Lobato','MG'),(3003,13,3140803,'Matias Barbosa','MG'),(3004,13,3140852,'Matias Cardoso','MG'),(3005,18,2206100,'Matias Olímpio','PI'),(3006,5,2921054,'Matina','BA'),(3007,10,2106508,'Matinha','MA'),(3008,15,2509339,'Matinhas','PB'),(3009,16,4115705,'Matinhos','PR'),(3010,13,3140902,'Matipó','MG'),(3011,21,4312138,'Mato Castelhano','RS'),(3012,15,2509370,'Mato Grosso','PB'),(3013,21,4312153,'Mato Leitão','RS'),(3014,21,4312179,'Mato Queimado','RS'),(3015,16,4115739,'Mato Rico','PR'),(3016,13,3141009,'Mato Verde','MG'),(3017,10,2106607,'Matões','MA'),(3018,10,2106631,'Matões do Norte','MA'),(3019,24,4210704,'Matos Costa','SC'),(3020,13,3141108,'Matozinhos','MG'),(3021,9,5212956,'Matrinchã','GO'),(3022,2,2705101,'Matriz de Camaragibe','AL'),(3023,11,5105606,'Matupá','MT'),(3024,15,2509396,'Maturéia','PB'),(3025,13,3141207,'Matutina','MG'),(3026,25,3529401,'Mauá','SP'),(3027,16,4115754,'Mauá da Serra','PR'),(3028,4,1302900,'Maués','AM'),(3029,9,5213004,'Maurilândia','GO'),(3030,27,1712801,'Maurilândia do Tocantins','TO'),(3031,6,2308104,'Mauriti','CE'),(3032,20,2407500,'Maxaranguape','RN'),(3033,21,4312203,'Maximiliano de Almeida','RS'),(3034,3,1600402,'Mazagão','AP'),(3035,13,3141306,'Medeiros','MG'),(3036,5,2921104,'Medeiros Neto','BA'),(3037,16,4115804,'Medianeira','PR'),(3038,14,1504455,'Medicilândia','PA'),(3039,13,3141405,'Medina','MG'),(3040,24,4210803,'Meleiro','SC'),(3041,14,1504505,'Melgaço','PA'),(3042,19,3302809,'Mendes','RJ'),(3043,13,3141504,'Mendes Pimentel','MG'),(3044,25,3529500,'Mendonça','SP'),(3045,16,4115853,'Mercedes','PR'),(3046,13,3141603,'Mercês','MG'),(3047,25,3529609,'Meridiano','SP'),(3048,6,2308203,'Meruoca','CE'),(3049,25,3529658,'Mesópolis','SP'),(3050,13,3141702,'Mesquita','MG'),(3051,19,3302858,'Mesquita','RJ'),(3052,2,2705200,'Messias','AL'),(3053,20,2407609,'Messias Targino','RN'),(3054,18,2206209,'Miguel Alves','PI'),(3055,5,2921203,'Miguel Calmon','BA'),(3056,18,2206308,'Miguel Leão','PI'),(3057,19,3302908,'Miguel Pereira','RJ'),(3058,25,3529708,'Miguelópolis','SP'),(3059,5,2921302,'Milagres','BA'),(3060,6,2308302,'Milagres','CE'),(3061,10,2106672,'Milagres do Maranhão','MA'),(3062,6,2308351,'Milhã','CE'),(3063,18,2206357,'Milton Brandão','PI'),(3064,9,5213053,'Mimoso de Goiás','GO'),(3065,8,3203403,'Mimoso do Sul','ES'),(3066,9,5213087,'Minaçu','GO'),(3067,2,2705309,'Minador do Negrão','AL'),(3068,21,4312252,'Minas do Leão','RS'),(3069,13,3141801,'Minas Novas','MG'),(3070,13,3141900,'Minduri','MG'),(3071,9,5213103,'Mineiros','GO'),(3072,25,3529807,'Mineiros do Tietê','SP'),(3073,22,1101203,'Ministro Andreazza','RO'),(3074,25,3530003,'Mira Estrela','SP'),(3075,13,3142007,'Mirabela','MG'),(3076,25,3529906,'Miracatu','SP'),(3077,19,3303005,'Miracema','RJ'),(3078,27,1713205,'Miracema do Tocantins','TO'),(3079,10,2106706,'Mirador','MA'),(3080,16,4115903,'Mirador','PR'),(3081,13,3142106,'Miradouro','MG'),(3082,21,4312302,'Miraguaí','RS'),(3083,13,3142205,'Miraí','MG'),(3084,6,2308377,'Miraíma','CE'),(3085,12,5005608,'Miranda','MS'),(3086,10,2106755,'Miranda do Norte','MA'),(3087,17,2609303,'Mirandiba','PE'),(3088,25,3530102,'Mirandópolis','SP'),(3089,5,2921401,'Mirangaba','BA'),(3090,27,1713304,'Miranorte','TO'),(3091,5,2921450,'Mirante','BA'),(3092,22,1101302,'Mirante da Serra','RO'),(3093,25,3530201,'Mirante do Paranapanema','SP'),(3094,16,4116000,'Miraselva','PR'),(3095,25,3530300,'Mirassol','SP'),(3096,11,5105622,'Mirassol d\'Oeste','MT'),(3097,25,3530409,'Mirassolândia','SP'),(3098,13,3142254,'Miravânia','MG'),(3099,24,4210852,'Mirim Doce','SC'),(3100,10,2106805,'Mirinzal','MA'),(3101,16,4116059,'Missal','PR'),(3102,6,2308401,'Missão Velha','CE'),(3103,14,1504604,'Mocajuba','PA'),(3104,25,3530508,'Mococa','SP'),(3105,24,4210902,'Modelo','SC'),(3106,13,3142304,'Moeda','MG'),(3107,13,3142403,'Moema','MG'),(3108,15,2509404,'Mogeiro','PB'),(3109,25,3530607,'Mogi das Cruzes','SP'),(3110,25,3530706,'Mogi Guaçu','SP'),(3111,9,5213400,'Moiporá','GO'),(3112,26,2804102,'Moita Bonita','SE'),(3113,25,3530805,'Moji Mirim','SP'),(3114,14,1504703,'Moju','PA'),(3115,6,2308500,'Mombaça','CE'),(3116,25,3530904,'Mombuca','SP'),(3117,10,2106904,'Monção','MA'),(3118,25,3531001,'Monções','SP'),(3119,24,4211009,'Mondaí','SC'),(3120,25,3531100,'Mongaguá','SP'),(3121,13,3142502,'Monjolos','MG'),(3122,18,2206407,'Monsenhor Gil','PI'),(3123,18,2206506,'Monsenhor Hipólito','PI'),(3124,13,3142601,'Monsenhor Paulo','MG'),(3125,6,2308609,'Monsenhor Tabosa','CE'),(3126,15,2509503,'Montadas','PB'),(3127,13,3142700,'Montalvânia','MG'),(3128,8,3203502,'Montanha','ES'),(3129,20,2407708,'Montanhas','RN'),(3130,21,4312351,'Montauri','RS'),(3131,14,1504802,'Monte Alegre','PA'),(3132,20,2407807,'Monte Alegre','RN'),(3133,9,5213509,'Monte Alegre de Goiás','GO'),(3134,13,3142809,'Monte Alegre de Minas','MG'),(3135,26,2804201,'Monte Alegre de Sergipe','SE'),(3136,18,2206605,'Monte Alegre do Piauí','PI'),(3137,25,3531209,'Monte Alegre do Sul','SP'),(3138,21,4312377,'Monte Alegre dos Campos','RS'),(3139,25,3531308,'Monte Alto','SP'),(3140,25,3531407,'Monte Aprazível','SP'),(3141,13,3142908,'Monte Azul','MG'),(3142,25,3531506,'Monte Azul Paulista','SP'),(3143,13,3143005,'Monte Belo','MG'),(3144,21,4312385,'Monte Belo do Sul','RS'),(3145,24,4211058,'Monte Carlo','SC'),(3146,13,3143104,'Monte Carmelo','MG'),(3147,24,4211108,'Monte Castelo','SC'),(3148,25,3531605,'Monte Castelo','SP'),(3149,20,2407906,'Monte das Gameleiras','RN'),(3150,27,1713601,'Monte do Carmo','TO'),(3151,13,3143153,'Monte Formoso','MG'),(3152,15,2509602,'Monte Horebe','PB'),(3153,25,3531803,'Monte Mor','SP'),(3154,22,1101401,'Monte Negro','RO'),(3155,5,2921500,'Monte Santo','BA'),(3156,13,3143203,'Monte Santo de Minas','MG'),(3157,27,1713700,'Monte Santo do Tocantins','TO'),(3158,13,3143401,'Monte Sião','MG'),(3159,15,2509701,'Monteiro','PB'),(3160,25,3531704,'Monteiro Lobato','SP'),(3161,2,2705408,'Monteirópolis','AL'),(3162,21,4312401,'Montenegro','RS'),(3163,10,2107001,'Montes Altos','MA'),(3164,13,3143302,'Montes Claros','MG'),(3165,9,5213707,'Montes Claros de Goiás','GO'),(3166,13,3143450,'Montezuma','MG'),(3167,9,5213756,'Montividiu','GO'),(3168,9,5213772,'Montividiu do Norte','GO'),(3169,6,2308708,'Morada Nova','CE'),(3170,13,3143500,'Morada Nova de Minas','MG'),(3171,6,2308807,'Moraújo','CE'),(3172,17,2614303,'Moreilândia','PE'),(3173,16,4116109,'Moreira Sales','PR'),(3174,17,2609402,'Moreno','PE'),(3175,21,4312427,'Mormaço','RS'),(3176,5,2921609,'Morpará','BA'),(3177,16,4116208,'Morretes','PR'),(3178,6,2308906,'Morrinhos','CE'),(3179,9,5213806,'Morrinhos','GO'),(3180,21,4312443,'Morrinhos do Sul','RS'),(3181,25,3531902,'Morro Agudo','SP'),(3182,9,5213855,'Morro Agudo de Goiás','GO'),(3183,18,2206654,'Morro Cabeça no Tempo','PI'),(3184,24,4211207,'Morro da Fumaça','SC'),(3185,13,3143609,'Morro da Garça','MG'),(3186,5,2921708,'Morro do Chapéu','BA'),(3187,18,2206670,'Morro do Chapéu do Piauí','PI'),(3188,13,3143708,'Morro do Pilar','MG'),(3189,24,4211256,'Morro Grande','SC'),(3190,21,4312450,'Morro Redondo','RS'),(3191,21,4312476,'Morro Reuter','RS'),(3192,10,2107100,'Morros','MA'),(3193,5,2921807,'Mortugaba','BA'),(3194,25,3532009,'Morungaba','SP'),(3195,9,5213905,'Mossâmedes','GO'),(3196,20,2408003,'Mossoró','RN'),(3197,21,4312500,'Mostardas','RS'),(3198,25,3532058,'Motuca','SP'),(3199,9,5214002,'Mozarlândia','GO'),(3200,14,1504901,'Muaná','PA'),(3201,23,1400308,'Mucajaí','RR'),(3202,6,2309003,'Mucambo','CE'),(3203,5,2921906,'Mucugê','BA'),(3204,21,4312609,'Muçum','RS'),(3205,5,2922003,'Mucuri','BA'),(3206,8,3203601,'Mucurici','ES'),(3207,21,4312617,'Muitos Capões','RS'),(3208,21,4312625,'Muliterno','RS'),(3209,6,2309102,'Mulungu','CE'),(3210,15,2509800,'Mulungu','PB'),(3211,5,2922052,'Mulungu do Morro','BA'),(3212,5,2922102,'Mundo Novo','BA'),(3213,9,5214051,'Mundo Novo','GO'),(3214,12,5005681,'Mundo Novo','MS'),(3215,13,3143807,'Munhoz','MG'),(3216,16,4116307,'Munhoz de Melo','PR'),(3217,5,2922201,'Muniz Ferreira','BA'),(3218,8,3203700,'Muniz Freire','ES'),(3219,5,2922250,'Muquém de São Francisco','BA'),(3220,8,3203809,'Muqui','ES'),(3221,13,3143906,'Muriaé','MG'),(3222,26,2804300,'Muribeca','SE'),(3223,2,2705507,'Murici','AL'),(3224,18,2206696,'Murici dos Portelas','PI'),(3225,27,1713957,'Muricilândia','TO'),(3226,5,2922300,'Muritiba','BA'),(3227,25,3532108,'Murutinga do Sul','SP'),(3228,5,2922409,'Mutuípe','BA'),(3229,13,3144003,'Mutum','MG'),(3230,9,5214101,'Mutunópolis','GO'),(3231,13,3144102,'Muzambinho','MG'),(3232,13,3144201,'Nacip Raydan','MG'),(3233,25,3532157,'Nantes','SP'),(3234,13,3144300,'Nanuque','MG'),(3235,21,4312658,'Não-Me-Toque','RS'),(3236,13,3144359,'Naque','MG'),(3237,25,3532207,'Narandiba','SP'),(3238,20,2408102,'Natal','RN'),(3239,13,3144375,'Natalândia','MG'),(3240,13,3144409,'Natércia','MG'),(3241,19,3303104,'Natividade','RJ'),(3242,27,1714203,'Natividade','TO'),(3243,25,3532306,'Natividade da Serra','SP'),(3244,15,2509909,'Natuba','PB'),(3245,24,4211306,'Navegantes','SC'),(3246,12,5005707,'Naviraí','MS'),(3247,5,2922508,'Nazaré','BA'),(3248,27,1714302,'Nazaré','TO'),(3249,17,2609501,'Nazaré da Mata','PE'),(3250,18,2206704,'Nazaré do Piauí','PI'),(3251,25,3532405,'Nazaré Paulista','SP'),(3252,13,3144508,'Nazareno','MG'),(3253,15,2510006,'Nazarezinho','PB'),(3254,18,2206720,'Nazária ','PI'),(3255,9,5214408,'Nazário','GO'),(3256,26,2804409,'Neópolis','SE'),(3257,13,3144607,'Nepomuceno','MG'),(3258,9,5214507,'Nerópolis','GO'),(3259,25,3532504,'Neves Paulista','SP'),(3260,4,1303007,'Nhamundá','AM'),(3261,25,3532603,'Nhandeara','SP'),(3262,21,4312674,'Nicolau Vergueiro','RS'),(3263,5,2922607,'Nilo Peçanha','BA'),(3264,19,3303203,'Nilópolis','RJ'),(3265,10,2107209,'Nina Rodrigues','MA'),(3266,13,3144656,'Ninheira','MG'),(3267,12,5005806,'Nioaque','MS'),(3268,25,3532702,'Nipoã','SP'),(3269,9,5214606,'Niquelândia','GO'),(3270,20,2408201,'Nísia Floresta','RN'),(3271,19,3303302,'Niterói','RJ'),(3272,11,5105903,'Nobres','MT'),(3273,21,4312708,'Nonoai','RS'),(3274,5,2922656,'Nordestina','BA'),(3275,23,1400407,'Normandia','RR'),(3276,11,5106000,'Nortelândia','MT'),(3277,26,2804458,'Nossa Senhora Aparecida','SE'),(3278,26,2804508,'Nossa Senhora da Glória','SE'),(3279,26,2804607,'Nossa Senhora das Dores','SE'),(3280,16,4116406,'Nossa Senhora das Graças','PR'),(3281,26,2804706,'Nossa Senhora de Lourdes','SE'),(3282,18,2206753,'Nossa Senhora de Nazaré','PI'),(3283,11,5106109,'Nossa Senhora do Livramento','MT'),(3284,26,2804805,'Nossa Senhora do Socorro','SE'),(3285,18,2206803,'Nossa Senhora dos Remédios','PI'),(3286,25,3532801,'Nova Aliança','SP'),(3287,16,4116505,'Nova Aliança do Ivaí','PR'),(3288,21,4312757,'Nova Alvorada','RS'),(3289,12,5006002,'Nova Alvorada do Sul','MS'),(3290,9,5214705,'Nova América','GO'),(3291,16,4116604,'Nova América da Colina','PR'),(3292,12,5006200,'Nova Andradina','MS'),(3293,21,4312807,'Nova Araçá','RS'),(3294,9,5214804,'Nova Aurora','GO'),(3295,16,4116703,'Nova Aurora','PR'),(3296,11,5106158,'Nova Bandeirantes','MT'),(3297,21,4312906,'Nova Bassano','RS'),(3298,13,3144672,'Nova Belém','MG'),(3299,21,4312955,'Nova Boa Vista','RS'),(3300,11,5106208,'Nova Brasilândia','MT'),(3301,22,1100148,'Nova Brasilândia D\'Oeste','RO'),(3302,21,4313003,'Nova Bréscia','RS'),(3303,25,3532827,'Nova Campina','SP'),(3304,5,2922706,'Nova Canaã','BA'),(3305,11,5106216,'Nova Canaã do Norte','MT'),(3306,25,3532843,'Nova Canaã Paulista','SP'),(3307,21,4313011,'Nova Candelária','RS'),(3308,16,4116802,'Nova Cantu','PR'),(3309,25,3532868,'Nova Castilho','SP'),(3310,10,2107258,'Nova Colinas','MA'),(3311,9,5214838,'Nova Crixás','GO'),(3312,20,2408300,'Nova Cruz','RN'),(3313,13,3144706,'Nova Era','MG'),(3314,24,4211405,'Nova Erechim','SC'),(3315,16,4116901,'Nova Esperança','PR'),(3316,14,1504950,'Nova Esperança do Piriá','PA'),(3317,16,4116950,'Nova Esperança do Sudoeste','PR'),(3318,21,4313037,'Nova Esperança do Sul','RS'),(3319,25,3532900,'Nova Europa','SP'),(3320,5,2922730,'Nova Fátima','BA'),(3321,16,4117008,'Nova Fátima','PR'),(3322,15,2510105,'Nova Floresta','PB'),(3323,19,3303401,'Nova Friburgo','RJ'),(3324,9,5214861,'Nova Glória','GO'),(3325,25,3533007,'Nova Granada','SP'),(3326,11,5108808,'Nova Guarita','MT'),(3327,25,3533106,'Nova Guataporanga','SP'),(3328,21,4313060,'Nova Hartz','RS'),(3329,5,2922755,'Nova Ibiá','BA'),(3330,19,3303500,'Nova Iguaçu','RJ'),(3331,9,5214879,'Nova Iguaçu de Goiás','GO'),(3332,25,3533205,'Nova Independência','SP'),(3333,10,2107308,'Nova Iorque','MA'),(3334,14,1504976,'Nova Ipixuna','PA'),(3335,24,4211454,'Nova Itaberaba','SC'),(3336,5,2922805,'Nova Itarana','BA'),(3337,11,5106182,'Nova Lacerda','MT'),(3338,16,4117057,'Nova Laranjeiras','PR'),(3339,13,3144805,'Nova Lima','MG'),(3340,16,4117107,'Nova Londrina','PR'),(3341,25,3533304,'Nova Luzitânia','SP'),(3342,22,1100338,'Nova Mamoré','RO'),(3343,11,5108857,'Nova Marilândia','MT'),(3344,11,5108907,'Nova Maringá','MT'),(3345,13,3144904,'Nova Módica','MG'),(3346,11,5108956,'Nova Monte Verde','MT'),(3347,11,5106224,'Nova Mutum','MT'),(3348,11,5106174,'Nova Nazaré','MT'),(3349,25,3533403,'Nova Odessa','SP'),(3350,11,5106232,'Nova Olímpia','MT'),(3351,16,4117206,'Nova Olímpia','PR'),(3352,6,2309201,'Nova Olinda','CE'),(3353,15,2510204,'Nova Olinda','PB'),(3354,27,1714880,'Nova Olinda','TO'),(3355,10,2107357,'Nova Olinda do Maranhão','MA'),(3356,4,1303106,'Nova Olinda do Norte','AM'),(3357,21,4313086,'Nova Pádua','RS'),(3358,21,4313102,'Nova Palma','RS'),(3359,15,2510303,'Nova Palmeira','PB'),(3360,21,4313201,'Nova Petrópolis','RS'),(3361,13,3145000,'Nova Ponte','MG'),(3362,13,3145059,'Nova Porteirinha','MG'),(3363,21,4313300,'Nova Prata','RS'),(3364,16,4117255,'Nova Prata do Iguaçu','PR'),(3365,21,4313334,'Nova Ramada','RS'),(3366,5,2922854,'Nova Redenção','BA'),(3367,13,3145109,'Nova Resende','MG'),(3368,9,5214903,'Nova Roma','GO'),(3369,21,4313359,'Nova Roma do Sul','RS'),(3370,27,1715002,'Nova Rosalândia','TO'),(3371,6,2309300,'Nova Russas','CE'),(3372,16,4117214,'Nova Santa Bárbara','PR'),(3373,11,5106190,'Nova Santa Helena','MT'),(3374,18,2207959,'Nova Santa Rita','PI'),(3375,21,4313375,'Nova Santa Rita','RS'),(3376,16,4117222,'Nova Santa Rosa','PR'),(3377,13,3145208,'Nova Serrana','MG'),(3378,5,2922904,'Nova Soure','BA'),(3379,16,4117271,'Nova Tebas','PR'),(3380,14,1505007,'Nova Timboteua','PA'),(3381,24,4211504,'Nova Trento','SC'),(3382,11,5106240,'Nova Ubiratã','MT'),(3383,13,3136603,'Nova União','MG'),(3384,22,1101435,'Nova União','RO'),(3385,8,3203908,'Nova Venécia','ES'),(3386,9,5215009,'Nova Veneza','GO'),(3387,24,4211603,'Nova Veneza','SC'),(3388,5,2923001,'Nova Viçosa','BA'),(3389,11,5106257,'Nova Xavantina','MT'),(3390,25,3533254,'Novais','SP'),(3391,27,1715101,'Novo Acordo','TO'),(3392,4,1303205,'Novo Airão','AM'),(3393,27,1715150,'Novo Alegre','TO'),(3394,4,1303304,'Novo Aripuanã','AM'),(3395,21,4313490,'Novo Barreiro','RS'),(3396,9,5215207,'Novo Brasil','GO'),(3397,21,4313391,'Novo Cabrais','RS'),(3398,13,3145307,'Novo Cruzeiro','MG'),(3399,9,5215231,'Novo Gama','GO'),(3400,21,4313409,'Novo Hamburgo','RS'),(3401,5,2923035,'Novo Horizonte','BA'),(3402,24,4211652,'Novo Horizonte','SC'),(3403,25,3533502,'Novo Horizonte','SP'),(3404,11,5106273,'Novo Horizonte do Norte','MT'),(3405,22,1100502,'Novo Horizonte do Oeste','RO'),(3406,12,5006259,'Novo Horizonte do Sul','MS'),(3407,16,4117297,'Novo Itacolomi','PR'),(3408,27,1715259,'Novo Jardim','TO'),(3409,2,2705606,'Novo Lino','AL'),(3410,21,4313425,'Novo Machado','RS'),(3411,11,5106265,'Novo Mundo','MT'),(3412,6,2309409,'Novo Oriente','CE'),(3413,13,3145356,'Novo Oriente de Minas','MG'),(3414,18,2206902,'Novo Oriente do Piauí','PI'),(3415,9,5215256,'Novo Planalto','GO'),(3416,14,1505031,'Novo Progresso','PA'),(3417,14,1505064,'Novo Repartimento','PA'),(3418,11,5106315,'Novo Santo Antônio','MT'),(3419,18,2206951,'Novo Santo Antônio','PI'),(3420,11,5106281,'Novo São Joaquim','MT'),(3421,21,4313441,'Novo Tiradentes','RS'),(3422,5,2923050,'Novo Triunfo','BA'),(3423,21,4313466,'Novo Xingu','RS'),(3424,13,3145372,'Novorizonte','MG'),(3425,25,3533601,'Nuporanga','SP'),(3426,14,1505106,'Óbidos','PA'),(3427,6,2309458,'Ocara','CE'),(3428,25,3533700,'Ocauçu','SP'),(3429,18,2207009,'Oeiras','PI'),(3430,14,1505205,'Oeiras do Pará','PA'),(3431,3,1600501,'Oiapoque','AP'),(3432,13,3145406,'Olaria','MG'),(3433,25,3533809,'Óleo','SP'),(3434,15,2510402,'Olho d\'Água','PB'),(3435,10,2107407,'Olho d\'Água das Cunhãs','MA'),(3436,2,2705705,'Olho d\'Água das Flores','AL'),(3437,2,2705804,'Olho d\'Água do Casado','AL'),(3438,18,2207108,'Olho D\'Água do Piauí','PI'),(3439,2,2705903,'Olho d\'Água Grande','AL'),(3440,20,2408409,'Olho-d\'Água do Borges','RN'),(3441,13,3145455,'Olhos-d\'Água','MG'),(3442,25,3533908,'Olímpia','SP'),(3443,13,3145505,'Olímpio Noronha','MG'),(3444,17,2609600,'Olinda','PE'),(3445,10,2107456,'Olinda Nova do Maranhão','MA'),(3446,5,2923100,'Olindina','BA'),(3447,15,2510501,'Olivedos','PB'),(3448,13,3145604,'Oliveira','MG'),(3449,27,1715507,'Oliveira de Fátima','TO'),(3450,5,2923209,'Oliveira dos Brejinhos','BA'),(3451,13,3145703,'Oliveira Fortes','MG'),(3452,2,2706000,'Olivença','AL'),(3453,13,3145802,'Onça de Pitangui','MG'),(3454,25,3534005,'Onda Verde','SP'),(3455,13,3145851,'Oratórios','MG'),(3456,25,3534104,'Oriente','SP'),(3457,25,3534203,'Orindiúva','SP'),(3458,14,1505304,'Oriximiná','PA'),(3459,13,3145877,'Orizânia','MG'),(3460,9,5215306,'Orizona','GO'),(3461,25,3534302,'Orlândia','SP'),(3462,24,4211702,'Orleans','SC'),(3463,17,2609709,'Orobó','PE'),(3464,17,2609808,'Orocó','PE'),(3465,6,2309508,'Orós','CE'),(3466,16,4117305,'Ortigueira','PR'),(3467,25,3534401,'Osasco','SP'),(3468,25,3534500,'Oscar Bressane','SP'),(3469,21,4313508,'Osório','RS'),(3470,25,3534609,'Osvaldo Cruz','SP'),(3471,24,4211751,'Otacílio Costa','SC'),(3472,14,1505403,'Ourém','PA'),(3473,5,2923308,'Ouriçangas','BA'),(3474,17,2609907,'Ouricuri','PE'),(3475,14,1505437,'Ourilândia do Norte','PA'),(3476,25,3534708,'Ourinhos','SP'),(3477,16,4117404,'Ourizona','PR'),(3478,24,4211801,'Ouro','SC'),(3479,2,2706109,'Ouro Branco','AL'),(3480,13,3145901,'Ouro Branco','MG'),(3481,20,2408508,'Ouro Branco','RN'),(3482,13,3146008,'Ouro Fino','MG'),(3483,13,3146107,'Ouro Preto','MG'),(3484,22,1100155,'Ouro Preto do Oeste','RO'),(3485,15,2510600,'Ouro Velho','PB'),(3486,24,4211850,'Ouro Verde','SC'),(3487,25,3534807,'Ouro Verde','SP'),(3488,9,5215405,'Ouro Verde de Goiás','GO'),(3489,13,3146206,'Ouro Verde de Minas','MG'),(3490,16,4117453,'Ouro Verde do Oeste','PR'),(3491,25,3534757,'Ouroeste','SP'),(3492,5,2923357,'Ourolândia','BA'),(3493,9,5215504,'Ouvidor','GO'),(3494,25,3534906,'Pacaembu','SP'),(3495,14,1505486,'Pacajá','PA'),(3496,6,2309607,'Pacajus','CE'),(3497,23,1400456,'Pacaraima','RR'),(3498,6,2309706,'Pacatuba','CE'),(3499,26,2804904,'Pacatuba','SE'),(3500,10,2107506,'Paço do Lumiar','MA'),(3501,6,2309805,'Pacoti','CE'),(3502,6,2309904,'Pacujá','CE'),(3503,9,5215603,'Padre Bernardo','GO'),(3504,13,3146255,'Padre Carvalho','MG'),(3505,18,2207207,'Padre Marcos','PI'),(3506,13,3146305,'Padre Paraíso','MG'),(3507,18,2207306,'Paes Landim','PI'),(3508,13,3146552,'Pai Pedro','MG'),(3509,24,4211876,'Paial','SC'),(3510,16,4117503,'Paiçandu','PR'),(3511,21,4313607,'Paim Filho','RS'),(3512,13,3146404,'Paineiras','MG'),(3513,24,4211892,'Painel','SC'),(3514,13,3146503,'Pains','MG'),(3515,13,3146602,'Paiva','MG'),(3516,18,2207355,'Pajeú do Piauí','PI'),(3517,2,2706208,'Palestina','AL'),(3518,25,3535002,'Palestina','SP'),(3519,9,5215652,'Palestina de Goiás','GO'),(3520,14,1505494,'Palestina do Pará','PA'),(3521,6,2310001,'Palhano','CE'),(3522,24,4211900,'Palhoça','SC'),(3523,13,3146701,'Palma','MG'),(3524,24,4212007,'Palma Sola','SC'),(3525,6,2310100,'Palmácia','CE'),(3526,17,2610004,'Palmares','PE'),(3527,21,4313656,'Palmares do Sul','RS'),(3528,25,3535101,'Palmares Paulista','SP'),(3529,16,4117602,'Palmas','PR'),(3530,27,1721000,'Palmas','TO'),(3531,5,2923407,'Palmas de Monte Alto','BA'),(3532,16,4117701,'Palmeira','PR'),(3533,24,4212056,'Palmeira','SC'),(3534,21,4313706,'Palmeira das Missões','RS'),(3535,18,2207405,'Palmeira do Piauí','PI'),(3536,25,3535200,'Palmeira d\'Oeste','SP'),(3537,2,2706307,'Palmeira dos Índios','AL'),(3538,18,2207504,'Palmeirais','PI'),(3539,10,2107605,'Palmeirândia','MA'),(3540,27,1715705,'Palmeirante','TO'),(3541,5,2923506,'Palmeiras','BA'),(3542,9,5215702,'Palmeiras de Goiás','GO'),(3543,27,1713809,'Palmeiras do Tocantins','TO'),(3544,17,2610103,'Palmeirina','PE'),(3545,27,1715754,'Palmeirópolis','TO'),(3546,9,5215801,'Palmelo','GO'),(3547,9,5215900,'Palminópolis','GO'),(3548,16,4117800,'Palmital','PR'),(3549,25,3535309,'Palmital','SP'),(3550,21,4313805,'Palmitinho','RS'),(3551,24,4212106,'Palmitos','SC'),(3552,13,3146750,'Palmópolis','MG'),(3553,16,4117909,'Palotina','PR'),(3554,9,5216007,'Panamá','GO'),(3555,21,4313904,'Panambi','RS'),(3556,8,3204005,'Pancas','ES'),(3557,17,2610202,'Panelas','PE'),(3558,25,3535408,'Panorama','SP'),(3559,21,4313953,'Pantano Grande','RS'),(3560,2,2706406,'Pão de Açúcar','AL'),(3561,13,3146909,'Papagaios','MG'),(3562,24,4212205,'Papanduva','SC'),(3563,18,2207553,'Paquetá','PI'),(3564,13,3147105,'Pará de Minas','MG'),(3565,19,3303609,'Paracambi','RJ'),(3566,13,3147006,'Paracatu','MG'),(3567,6,2310209,'Paracuru','CE'),(3568,14,1505502,'Paragominas','PA'),(3569,13,3147204,'Paraguaçu','MG'),(3570,25,3535507,'Paraguaçu Paulista','SP'),(3571,21,4314001,'Paraí','RS'),(3572,19,3303708,'Paraíba do Sul','RJ'),(3573,10,2107704,'Paraibano','MA'),(3574,25,3535606,'Paraibuna','SP'),(3575,6,2310258,'Paraipaba','CE'),(3576,24,4212239,'Paraíso','SC'),(3577,25,3535705,'Paraíso','SP'),(3578,16,4118006,'Paraíso do Norte','PR'),(3579,21,4314027,'Paraíso do Sul','RS'),(3580,27,1716109,'Paraíso do Tocantins','TO'),(3581,13,3147303,'Paraisópolis','MG'),(3582,6,2310308,'Parambu','CE'),(3583,5,2923605,'Paramirim','BA'),(3584,6,2310407,'Paramoti','CE'),(3585,20,2408607,'Paraná','RN'),(3586,27,1716208,'Paranã','TO'),(3587,16,4118105,'Paranacity','PR'),(3588,16,4118204,'Paranaguá','PR'),(3589,12,5006309,'Paranaíba','MS'),(3590,9,5216304,'Paranaiguara','GO'),(3591,11,5106299,'Paranaíta','MT'),(3592,25,3535804,'Paranapanema','SP'),(3593,16,4118303,'Paranapoema','PR'),(3594,25,3535903,'Paranapuã','SP'),(3595,17,2610301,'Paranatama','PE'),(3596,11,5106307,'Paranatinga','MT'),(3597,16,4118402,'Paranavaí','PR'),(3598,12,5006358,'Paranhos','MS'),(3599,13,3147402,'Paraopeba','MG'),(3600,25,3536000,'Parapuã','SP'),(3601,15,2510659,'Parari','PB'),(3602,5,2923704,'Paratinga','BA'),(3603,19,3303807,'Paraty','RJ'),(3604,20,2408706,'Paraú','RN'),(3605,14,1505536,'Parauapebas','PA'),(3606,9,5216403,'Paraúna','GO'),(3607,20,2408805,'Parazinho','RN'),(3608,25,3536109,'Pardinho','SP'),(3609,21,4314035,'Pareci Novo','RS'),(3610,22,1101450,'Parecis','RO'),(3611,20,2408904,'Parelhas','RN'),(3612,2,2706422,'Pariconha','AL'),(3613,4,1303403,'Parintins','AM'),(3614,5,2923803,'Paripiranga','BA'),(3615,2,2706448,'Paripueira','AL'),(3616,25,3536208,'Pariquera-Açu','SP'),(3617,25,3536257,'Parisi','SP'),(3618,18,2207603,'Parnaguá','PI'),(3619,18,2207702,'Parnaíba','PI'),(3620,17,2610400,'Parnamirim','PE'),(3621,20,2403251,'Parnamirim','RN'),(3622,10,2107803,'Parnarama','MA'),(3623,21,4314050,'Parobé','RS'),(3624,20,2409100,'Passa e Fica','RN'),(3625,13,3147600,'Passa Quatro','MG'),(3626,21,4314068,'Passa Sete','RS'),(3627,13,3147709,'Passa Tempo','MG'),(3628,13,3147501,'Passabém','MG'),(3629,15,2510709,'Passagem','PB'),(3630,20,2409209,'Passagem','RN'),(3631,10,2107902,'Passagem Franca','MA'),(3632,18,2207751,'Passagem Franca do Piauí','PI'),(3633,13,3147808,'Passa-Vinte','MG'),(3634,17,2610509,'Passira','PE'),(3635,2,2706505,'Passo de Camaragibe','AL'),(3636,24,4212254,'Passo de Torres','SC'),(3637,21,4314076,'Passo do Sobrado','RS'),(3638,21,4314100,'Passo Fundo','RS'),(3639,13,3147907,'Passos','MG'),(3640,24,4212270,'Passos Maia','SC'),(3641,10,2108009,'Pastos Bons','MA'),(3642,13,3147956,'Patis','MG'),(3643,16,4118451,'Pato Bragado','PR'),(3644,16,4118501,'Pato Branco','PR'),(3645,15,2510808,'Patos','PB'),(3646,13,3148004,'Patos de Minas','MG'),(3647,18,2207777,'Patos do Piauí','PI'),(3648,13,3148103,'Patrocínio','MG'),(3649,13,3148202,'Patrocínio do Muriaé','MG'),(3650,25,3536307,'Patrocínio Paulista','SP'),(3651,20,2409308,'Patu','RN'),(3652,19,3303856,'Paty do Alferes','RJ'),(3653,5,2923902,'Pau Brasil','BA'),(3654,14,1505551,'Pau D\'Arco','PA'),(3655,27,1716307,'Pau D\'Arco','TO'),(3656,18,2207793,'Pau D\'Arco do Piauí','PI'),(3657,20,2409407,'Pau dos Ferros','RN'),(3658,17,2610608,'Paudalho','PE'),(3659,4,1303502,'Pauini','AM'),(3660,13,3148301,'Paula Cândido','MG'),(3661,16,4118600,'Paula Freitas','PR'),(3662,25,3536406,'Paulicéia','SP'),(3663,25,3536505,'Paulínia','SP'),(3664,10,2108058,'Paulino Neves','MA'),(3665,15,2510907,'Paulista','PB'),(3666,17,2610707,'Paulista','PE'),(3667,18,2207801,'Paulistana','PI'),(3668,25,3536570,'Paulistânia','SP'),(3669,13,3148400,'Paulistas','MG'),(3670,5,2924009,'Paulo Afonso','BA'),(3671,21,4314134,'Paulo Bento','RS'),(3672,25,3536604,'Paulo de Faria','SP'),(3673,16,4118709,'Paulo Frontin','PR'),(3674,2,2706604,'Paulo Jacinto','AL'),(3675,24,4212304,'Paulo Lopes','SC'),(3676,10,2108108,'Paulo Ramos','MA'),(3677,13,3148509,'Pavão','MG'),(3678,21,4314159,'Paverama','RS'),(3679,18,2207850,'Pavussu','PI'),(3680,5,2924058,'Pé de Serra','BA'),(3681,16,4118808,'Peabiru','PR'),(3682,13,3148608,'Peçanha','MG'),(3683,25,3536703,'Pederneiras','SP'),(3684,17,2610806,'Pedra','PE'),(3685,13,3148707,'Pedra Azul','MG'),(3686,25,3536802,'Pedra Bela','SP'),(3687,13,3148756,'Pedra Bonita','MG'),(3688,6,2310506,'Pedra Branca','CE'),(3689,15,2511004,'Pedra Branca','PB'),(3690,3,1600154,'Pedra Branca do Amapari','AP'),(3691,13,3148806,'Pedra do Anta','MG'),(3692,13,3148905,'Pedra do Indaiá','MG'),(3693,13,3149002,'Pedra Dourada','MG'),(3694,20,2409506,'Pedra Grande','RN'),(3695,15,2511103,'Pedra Lavrada','PB'),(3696,26,2805000,'Pedra Mole','SE'),(3697,11,5106372,'Pedra Preta','MT'),(3698,20,2409605,'Pedra Preta','RN'),(3699,13,3149101,'Pedralva','MG'),(3700,25,3536901,'Pedranópolis','SP'),(3701,5,2924108,'Pedrão','BA'),(3702,21,4314175,'Pedras Altas','RS'),(3703,15,2511202,'Pedras de Fogo','PB'),(3704,13,3149150,'Pedras de Maria da Cruz','MG'),(3705,24,4212403,'Pedras Grandes','SC'),(3706,25,3537008,'Pedregulho','SP'),(3707,25,3537107,'Pedreira','SP'),(3708,10,2108207,'Pedreiras','MA'),(3709,26,2805109,'Pedrinhas','SE'),(3710,25,3537156,'Pedrinhas Paulista','SP'),(3711,13,3149200,'Pedrinópolis','MG'),(3712,27,1716505,'Pedro Afonso','TO'),(3713,5,2924207,'Pedro Alexandre','BA'),(3714,20,2409704,'Pedro Avelino','RN'),(3715,8,3204054,'Pedro Canário','ES'),(3716,25,3537206,'Pedro de Toledo','SP'),(3717,10,2108256,'Pedro do Rosário','MA'),(3718,12,5006408,'Pedro Gomes','MS'),(3719,18,2207900,'Pedro II','PI'),(3720,18,2207934,'Pedro Laurentino','PI'),(3721,13,3149309,'Pedro Leopoldo','MG'),(3722,21,4314209,'Pedro Osório','RS'),(3723,15,2512721,'Pedro Régis','PB'),(3724,13,3149408,'Pedro Teixeira','MG'),(3725,20,2409803,'Pedro Velho','RN'),(3726,27,1716604,'Peixe','TO'),(3727,14,1505601,'Peixe-Boi','PA'),(3728,11,5106422,'Peixoto de Azevedo','MT'),(3729,21,4314308,'Pejuçara','RS'),(3730,21,4314407,'Pelotas','RS'),(3731,6,2310605,'Penaforte','CE'),(3732,10,2108306,'Penalva','MA'),(3733,25,3537305,'Penápolis','SP'),(3734,20,2409902,'Pendências','RN'),(3735,2,2706703,'Penedo','AL'),(3736,24,4212502,'Penha','SC'),(3737,6,2310704,'Pentecoste','CE'),(3738,13,3149507,'Pequeri','MG'),(3739,13,3149606,'Pequi','MG'),(3740,27,1716653,'Pequizeiro','TO'),(3741,13,3149705,'Perdigão','MG'),(3742,13,3149804,'Perdizes','MG'),(3743,13,3149903,'Perdões','MG'),(3744,25,3537404,'Pereira Barreto','SP'),(3745,25,3537503,'Pereiras','SP'),(3746,6,2310803,'Pereiro','CE'),(3747,10,2108405,'Peri Mirim','MA'),(3748,13,3149952,'Periquito','MG'),(3749,24,4212601,'Peritiba','SC'),(3750,10,2108454,'Peritoró','MA'),(3751,16,4118857,'Perobal','PR'),(3752,16,4118907,'Pérola','PR'),(3753,16,4119004,'Pérola d\'Oeste','PR'),(3754,9,5216452,'Perolândia','GO'),(3755,25,3537602,'Peruíbe','SP'),(3756,13,3150000,'Pescador','MG'),(3757,17,2610905,'Pesqueira','PE'),(3758,17,2611002,'Petrolândia','PE'),(3759,24,4212700,'Petrolândia','SC'),(3760,17,2611101,'Petrolina','PE'),(3761,9,5216809,'Petrolina de Goiás','GO'),(3762,19,3303906,'Petrópolis','RJ'),(3763,2,2706802,'Piaçabuçu','AL'),(3764,25,3537701,'Piacatu','SP'),(3765,15,2511301,'Piancó','PB'),(3766,5,2924306,'Piatã','BA'),(3767,13,3150109,'Piau','MG'),(3768,21,4314423,'Picada Café','RS'),(3769,14,1505635,'Piçarra','PA'),(3770,18,2208007,'Picos','PI'),(3771,15,2511400,'Picuí','PB'),(3772,25,3537800,'Piedade','SP'),(3773,13,3150158,'Piedade de Caratinga','MG'),(3774,13,3150208,'Piedade de Ponte Nova','MG'),(3775,13,3150307,'Piedade do Rio Grande','MG'),(3776,13,3150406,'Piedade dos Gerais','MG'),(3777,16,4119103,'Piên','PR'),(3778,5,2924405,'Pilão Arcado','BA'),(3779,2,2706901,'Pilar','AL'),(3780,15,2511509,'Pilar','PB'),(3781,9,5216908,'Pilar de Goiás','GO'),(3782,25,3537909,'Pilar do Sul','SP'),(3783,15,2511608,'Pilões','PB'),(3784,20,2410009,'Pilões','RN'),(3785,15,2511707,'Pilõezinhos','PB'),(3786,13,3150505,'Pimenta','MG'),(3787,22,1100189,'Pimenta Bueno','RO'),(3788,18,2208106,'Pimenteiras','PI'),(3789,22,1101468,'Pimenteiras do Oeste','RO'),(3790,5,2924504,'Pindaí','BA'),(3791,25,3538006,'Pindamonhangaba','SP'),(3792,10,2108504,'Pindaré-Mirim','MA'),(3793,2,2707008,'Pindoba','AL'),(3794,5,2924603,'Pindobaçu','BA'),(3795,25,3538105,'Pindorama','SP'),(3796,27,1717008,'Pindorama do Tocantins','TO'),(3797,6,2310852,'Pindoretama','CE'),(3798,13,3150539,'Pingo-d\'Água','MG'),(3799,16,4119152,'Pinhais','PR'),(3800,21,4314456,'Pinhal','RS'),(3801,21,4314464,'Pinhal da Serra','RS'),(3802,16,4119251,'Pinhal de São Bento','PR'),(3803,21,4314472,'Pinhal Grande','RS'),(3804,16,4119202,'Pinhalão','PR'),(3805,24,4212908,'Pinhalzinho','SC'),(3806,25,3538204,'Pinhalzinho','SP'),(3807,16,4119301,'Pinhão','PR'),(3808,26,2805208,'Pinhão','SE'),(3809,19,3303955,'Pinheiral','RJ'),(3810,21,4314498,'Pinheirinho do Vale','RS'),(3811,10,2108603,'Pinheiro','MA'),(3812,21,4314506,'Pinheiro Machado','RS'),(3813,24,4213005,'Pinheiro Preto','SC'),(3814,8,3204104,'Pinheiros','ES'),(3815,5,2924652,'Pintadas','BA'),(3816,13,3150570,'Pintópolis','MG'),(3817,18,2208205,'Pio IX','PI'),(3818,10,2108702,'Pio XII','MA'),(3819,25,3538303,'Piquerobi','SP'),(3820,6,2310902,'Piquet Carneiro','CE'),(3821,25,3538501,'Piquete','SP'),(3822,25,3538600,'Piracaia','SP'),(3823,9,5217104,'Piracanjuba','GO'),(3824,13,3150604,'Piracema','MG'),(3825,25,3538709,'Piracicaba','SP'),(3826,18,2208304,'Piracuruca','PI'),(3827,19,3304003,'Piraí','RJ'),(3828,5,2924678,'Piraí do Norte','BA'),(3829,16,4119400,'Piraí do Sul','PR'),(3830,25,3538808,'Piraju','SP'),(3831,13,3150703,'Pirajuba','MG'),(3832,25,3538907,'Pirajuí','SP'),(3833,26,2805307,'Pirambu','SE'),(3834,13,3150802,'Piranga','MG'),(3835,25,3539004,'Pirangi','SP'),(3836,13,3150901,'Piranguçu','MG'),(3837,13,3151008,'Piranguinho','MG'),(3838,2,2707107,'Piranhas','AL'),(3839,9,5217203,'Piranhas','GO'),(3840,10,2108801,'Pirapemas','MA'),(3841,13,3151107,'Pirapetinga','MG'),(3842,21,4314555,'Pirapó','RS'),(3843,13,3151206,'Pirapora','MG'),(3844,25,3539103,'Pirapora do Bom Jesus','SP'),(3845,25,3539202,'Pirapozinho','SP'),(3846,16,4119509,'Piraquara','PR'),(3847,27,1717206,'Piraquê','TO'),(3848,25,3539301,'Pirassununga','SP'),(3849,21,4314605,'Piratini','RS'),(3850,25,3539400,'Piratininga','SP'),(3851,24,4213104,'Piratuba','SC'),(3852,13,3151305,'Piraúba','MG'),(3853,9,5217302,'Pirenópolis','GO'),(3854,9,5217401,'Pires do Rio','GO'),(3855,6,2310951,'Pires Ferreira','CE'),(3856,5,2924702,'Piripá','BA'),(3857,18,2208403,'Piripiri','PI'),(3858,5,2924801,'Piritiba','BA'),(3859,15,2511806,'Pirpirituba','PB'),(3860,16,4119608,'Pitanga','PR'),(3861,16,4119657,'Pitangueiras','PR'),(3862,25,3539509,'Pitangueiras','SP'),(3863,13,3151404,'Pitangui','MG'),(3864,15,2511905,'Pitimbu','PB'),(3865,27,1717503,'Pium','TO'),(3866,8,3204203,'Piúma','ES'),(3867,13,3151503,'Piumhi','MG'),(3868,14,1505650,'Placas','PA'),(3869,1,1200385,'Plácido de Castro','AC'),(3870,9,5217609,'Planaltina','GO'),(3871,16,4119707,'Planaltina do Paraná','PR'),(3872,5,2924900,'Planaltino','BA'),(3873,5,2925006,'Planalto','BA'),(3874,16,4119806,'Planalto','PR'),(3875,21,4314704,'Planalto','RS'),(3876,25,3539608,'Planalto','SP'),(3877,24,4213153,'Planalto Alegre','SC'),(3878,11,5106455,'Planalto da Serra','MT'),(3879,13,3151602,'Planura','MG'),(3880,25,3539707,'Platina','SP'),(3881,25,3539806,'Poá','SP'),(3882,17,2611200,'Poção','PE'),(3883,10,2108900,'Poção de Pedras','MA'),(3884,15,2512002,'Pocinhos','PB'),(3885,20,2410108,'Poço Branco','RN'),(3886,15,2512036,'Poço Dantas','PB'),(3887,21,4314753,'Poço das Antas','RS'),(3888,2,2707206,'Poço das Trincheiras','AL'),(3889,15,2512077,'Poço de José de Moura','PB'),(3890,13,3151701,'Poço Fundo','MG'),(3891,26,2805406,'Poço Redondo','SE'),(3892,26,2805505,'Poço Verde','SE'),(3893,5,2925105,'Poções','BA'),(3894,11,5106505,'Poconé','MT'),(3895,13,3151800,'Poços de Caldas','MG'),(3896,13,3151909,'Pocrane','MG'),(3897,5,2925204,'Pojuca','BA'),(3898,25,3539905,'Poloni','SP'),(3899,15,2512101,'Pombal','PB'),(3900,17,2611309,'Pombos','PE'),(3901,24,4213203,'Pomerode','SC'),(3902,25,3540002,'Pompéia','SP'),(3903,13,3152006,'Pompéu','MG'),(3904,25,3540101,'Pongaí','SP'),(3905,14,1505700,'Ponta de Pedras','PA'),(3906,16,4119905,'Ponta Grossa','PR'),(3907,12,5006606,'Ponta Porã','MS'),(3908,25,3540200,'Pontal','SP'),(3909,11,5106653,'Pontal do Araguaia','MT'),(3910,16,4119954,'Pontal do Paraná','PR'),(3911,9,5217708,'Pontalina','GO'),(3912,25,3540259,'Pontalinda','SP'),(3913,21,4314779,'Pontão','RS'),(3914,24,4213302,'Ponte Alta','SC'),(3915,27,1717800,'Ponte Alta do Bom Jesus','TO'),(3916,24,4213351,'Ponte Alta do Norte','SC'),(3917,27,1717909,'Ponte Alta do Tocantins','TO'),(3918,11,5106703,'Ponte Branca','MT'),(3919,13,3152105,'Ponte Nova','MG'),(3920,21,4314787,'Ponte Preta','RS'),(3921,24,4213401,'Ponte Serrada','SC'),(3922,11,5106752,'Pontes e Lacerda','MT'),(3923,25,3540309,'Pontes Gestal','SP'),(3924,8,3204252,'Ponto Belo','ES'),(3925,13,3152131,'Ponto Chique','MG'),(3926,13,3152170,'Ponto dos Volantes','MG'),(3927,5,2925253,'Ponto Novo','BA'),(3928,25,3540408,'Populina','SP'),(3929,6,2311009,'Poranga','CE'),(3930,25,3540507,'Porangaba','SP'),(3931,9,5218003,'Porangatu','GO'),(3932,19,3304102,'Porciúncula','RJ'),(3933,16,4120002,'Porecatu','PR'),(3934,20,2410207,'Portalegre','RN'),(3935,21,4314803,'Portão','RS'),(3936,9,5218052,'Porteirão','GO'),(3937,6,2311108,'Porteiras','CE'),(3938,13,3152204,'Porteirinha','MG'),(3939,14,1505809,'Portel','PA'),(3940,9,5218102,'Portelândia','GO'),(3941,18,2208502,'Porto','PI'),(3942,1,1200807,'Porto Acre','AC'),(3943,21,4314902,'Porto Alegre','RS'),(3944,11,5106778,'Porto Alegre do Norte','MT'),(3945,18,2208551,'Porto Alegre do Piauí','PI'),(3946,27,1718006,'Porto Alegre do Tocantins','TO'),(3947,16,4120101,'Porto Amazonas','PR'),(3948,16,4120150,'Porto Barreiro','PR'),(3949,24,4213500,'Porto Belo','SC'),(3950,2,2707305,'Porto Calvo','AL'),(3951,26,2805604,'Porto da Folha','SE'),(3952,14,1505908,'Porto de Moz','PA'),(3953,2,2707404,'Porto de Pedras','AL'),(3954,20,2410256,'Porto do Mangue','RN'),(3955,11,5106802,'Porto dos Gaúchos','MT'),(3956,11,5106828,'Porto Esperidião','MT'),(3957,11,5106851,'Porto Estrela','MT'),(3958,25,3540606,'Porto Feliz','SP'),(3959,25,3540705,'Porto Ferreira','SP'),(3960,13,3152303,'Porto Firme','MG'),(3961,10,2109007,'Porto Franco','MA'),(3962,3,1600535,'Porto Grande','AP'),(3963,21,4315008,'Porto Lucena','RS'),(3964,21,4315057,'Porto Mauá','RS'),(3965,12,5006903,'Porto Murtinho','MS'),(3966,27,1718204,'Porto Nacional','TO'),(3967,19,3304110,'Porto Real','RJ'),(3968,2,2707503,'Porto Real do Colégio','AL'),(3969,16,4120200,'Porto Rico','PR'),(3970,10,2109056,'Porto Rico do Maranhão','MA'),(3971,5,2925303,'Porto Seguro','BA'),(3972,24,4213609,'Porto União','SC'),(3973,22,1100205,'Porto Velho','RO'),(3974,21,4315073,'Porto Vera Cruz','RS'),(3975,16,4120309,'Porto Vitória','PR'),(3976,1,1200393,'Porto Walter','AC'),(3977,21,4315107,'Porto Xavier','RS'),(3978,9,5218300,'Posse','GO'),(3979,13,3152402,'Poté','MG'),(3980,6,2311207,'Potengi','CE'),(3981,25,3540754,'Potim','SP'),(3982,5,2925402,'Potiraguá','BA'),(3983,25,3540804,'Potirendaba','SP'),(3984,6,2311231,'Potiretama','CE'),(3985,13,3152501,'Pouso Alegre','MG'),(3986,13,3152600,'Pouso Alto','MG'),(3987,21,4315131,'Pouso Novo','RS'),(3988,24,4213708,'Pouso Redondo','SC'),(3989,11,5107008,'Poxoréo','MT'),(3990,25,3540853,'Pracinha','SP'),(3991,3,1600550,'Pracuúba','AP'),(3992,5,2925501,'Prado','BA'),(3993,16,4120333,'Prado Ferreira','PR'),(3994,25,3540903,'Pradópolis','SP'),(3995,13,3152709,'Prados','MG'),(3996,24,4213807,'Praia Grande','SC'),(3997,25,3541000,'Praia Grande','SP'),(3998,27,1718303,'Praia Norte','TO'),(3999,14,1506005,'Prainha','PA'),(4000,16,4120358,'Pranchita','PR'),(4001,13,3152808,'Prata','MG'),(4002,15,2512200,'Prata','PB'),(4003,18,2208601,'Prata do Piauí','PI'),(4004,25,3541059,'Pratânia','SP'),(4005,13,3152907,'Pratápolis','MG'),(4006,13,3153004,'Pratinha','MG'),(4007,25,3541109,'Presidente Alves','SP'),(4008,13,3153103,'Presidente Bernardes','MG'),(4009,25,3541208,'Presidente Bernardes','SP'),(4010,24,4213906,'Presidente Castello Branco','SC'),(4011,16,4120408,'Presidente Castelo Branco','PR'),(4012,5,2925600,'Presidente Dutra','BA'),(4013,10,2109106,'Presidente Dutra','MA'),(4014,25,3541307,'Presidente Epitácio','SP'),(4015,4,1303536,'Presidente Figueiredo','AM'),(4016,24,4214003,'Presidente Getúlio','SC'),(4017,5,2925709,'Presidente Jânio Quadros','BA'),(4018,10,2109205,'Presidente Juscelino','MA'),(4019,13,3153202,'Presidente Juscelino','MG'),(4020,20,2410306,'Presidente Juscelino','RN'),(4021,8,3204302,'Presidente Kennedy','ES'),(4022,27,1718402,'Presidente Kennedy','TO'),(4023,13,3153301,'Presidente Kubitschek','MG'),(4024,21,4315149,'Presidente Lucena','RS'),(4025,10,2109239,'Presidente Médici','MA'),(4026,22,1100254,'Presidente Médici','RO'),(4027,24,4214102,'Presidente Nereu','SC'),(4028,13,3153400,'Presidente Olegário','MG'),(4029,25,3541406,'Presidente Prudente','SP'),(4030,10,2109270,'Presidente Sarney','MA'),(4031,5,2925758,'Presidente Tancredo Neves','BA'),(4032,10,2109304,'Presidente Vargas','MA'),(4033,25,3541505,'Presidente Venceslau','SP'),(4034,14,1506104,'Primavera','PA'),(4035,17,2611408,'Primavera','PE'),(4036,22,1101476,'Primavera de Rondônia','RO'),(4037,11,5107040,'Primavera do Leste','MT'),(4038,10,2109403,'Primeira Cruz','MA'),(4039,16,4120507,'Primeiro de Maio','PR'),(4040,24,4214151,'Princesa','SC'),(4041,15,2512309,'Princesa Isabel','PB'),(4042,9,5218391,'Professor Jamil','GO'),(4043,21,4315156,'Progresso','RS'),(4044,25,3541604,'Promissão','SP'),(4045,26,2805703,'Propriá','SE'),(4046,21,4315172,'Protásio Alves','RS'),(4047,13,3153608,'Prudente de Morais','MG'),(4048,16,4120606,'Prudentópolis','PR'),(4049,27,1718451,'Pugmil','TO'),(4050,20,2410405,'Pureza','RN'),(4051,21,4315206,'Putinga','RS'),(4052,15,2512408,'Puxinanã','PB'),(4053,25,3541653,'Quadra','SP'),(4054,21,4315305,'Quaraí','RS'),(4055,13,3153707,'Quartel Geral','MG'),(4056,16,4120655,'Quarto Centenário','PR'),(4057,25,3541703,'Quatá','SP'),(4058,16,4120705,'Quatiguá','PR'),(4059,14,1506112,'Quatipuru','PA'),(4060,19,3304128,'Quatis','RJ'),(4061,16,4120804,'Quatro Barras','PR'),(4062,21,4315313,'Quatro Irmãos','RS'),(4063,16,4120853,'Quatro Pontes','PR'),(4064,2,2707602,'Quebrangulo','AL'),(4065,16,4120903,'Quedas do Iguaçu','PR'),(4066,18,2208650,'Queimada Nova','PI'),(4067,5,2925808,'Queimadas','BA'),(4068,15,2512507,'Queimadas','PB'),(4069,19,3304144,'Queimados','RJ'),(4070,25,3541802,'Queiroz','SP'),(4071,25,3541901,'Queluz','SP'),(4072,13,3153806,'Queluzito','MG'),(4073,11,5107065,'Querência','MT'),(4074,16,4121000,'Querência do Norte','PR'),(4075,21,4315321,'Quevedos','RS'),(4076,5,2925907,'Quijingue','BA'),(4077,24,4214201,'Quilombo','SC'),(4078,16,4121109,'Quinta do Sol','PR'),(4079,25,3542008,'Quintana','SP'),(4080,21,4315354,'Quinze de Novembro','RS'),(4081,17,2611507,'Quipapá','PE'),(4082,9,5218508,'Quirinópolis','GO'),(4083,19,3304151,'Quissamã','RJ'),(4084,16,4121208,'Quitandinha','PR'),(4085,6,2311264,'Quiterianópolis','CE'),(4086,17,2611533,'Quixaba','PE'),(4087,15,2512606,'Quixabá','PB'),(4088,5,2925931,'Quixabeira','BA'),(4089,6,2311306,'Quixadá','CE'),(4090,6,2311355,'Quixelô','CE'),(4091,6,2311405,'Quixeramobim','CE'),(4092,6,2311504,'Quixeré','CE'),(4093,20,2410504,'Rafael Fernandes','RN'),(4094,20,2410603,'Rafael Godeiro','RN'),(4095,5,2925956,'Rafael Jambeiro','BA'),(4096,25,3542107,'Rafard','SP'),(4097,16,4121257,'Ramilândia','PR'),(4098,25,3542206,'Rancharia','SP'),(4099,16,4121307,'Rancho Alegre','PR'),(4100,16,4121356,'Rancho Alegre D\'Oeste','PR'),(4101,24,4214300,'Rancho Queimado','SC'),(4102,10,2109452,'Raposa','MA'),(4103,13,3153905,'Raposos','MG'),(4104,13,3154002,'Raul Soares','MG'),(4105,16,4121406,'Realeza','PR'),(4106,16,4121505,'Rebouças','PR'),(4107,17,2611606,'Recife','PE'),(4108,13,3154101,'Recreio','MG'),(4109,27,1718501,'Recursolândia','TO'),(4110,6,2311603,'Redenção','CE'),(4111,14,1506138,'Redenção','PA'),(4112,25,3542305,'Redenção da Serra','SP'),(4113,18,2208700,'Redenção do Gurguéia','PI'),(4114,21,4315404,'Redentora','RS'),(4115,13,3154150,'Reduto','MG'),(4116,18,2208809,'Regeneração','PI'),(4117,25,3542404,'Regente Feijó','SP'),(4118,25,3542503,'Reginópolis','SP'),(4119,25,3542602,'Registro','SP'),(4120,21,4315453,'Relvado','RS'),(4121,5,2926004,'Remanso','BA'),(4122,15,2512705,'Remígio','PB'),(4123,16,4121604,'Renascença','PR'),(4124,6,2311702,'Reriutaba','CE'),(4125,19,3304201,'Resende','RJ'),(4126,13,3154200,'Resende Costa','MG'),(4127,16,4121703,'Reserva','PR'),(4128,11,5107156,'Reserva do Cabaçal','MT'),(4129,16,4121752,'Reserva do Iguaçu','PR'),(4130,13,3154309,'Resplendor','MG'),(4131,13,3154408,'Ressaquinha','MG'),(4132,25,3542701,'Restinga','SP'),(4133,21,4315503,'Restinga Seca','RS'),(4134,5,2926103,'Retirolândia','BA'),(4135,10,2109502,'Riachão','MA'),(4136,15,2512747,'Riachão','PB'),(4137,5,2926202,'Riachão das Neves','BA'),(4138,15,2512754,'Riachão do Bacamarte','PB'),(4139,26,2805802,'Riachão do Dantas','SE'),(4140,5,2926301,'Riachão do Jacuípe','BA'),(4141,15,2512762,'Riachão do Poço','PB'),(4142,13,3154457,'Riachinho','MG'),(4143,27,1718550,'Riachinho','TO'),(4144,20,2410702,'Riacho da Cruz','RN'),(4145,17,2611705,'Riacho das Almas','PE'),(4146,5,2926400,'Riacho de Santana','BA'),(4147,20,2410801,'Riacho de Santana','RN'),(4148,15,2512788,'Riacho de Santo Antônio','PB'),(4149,15,2512804,'Riacho dos Cavalos','PB'),(4150,13,3154507,'Riacho dos Machados','MG'),(4151,18,2208858,'Riacho Frio','PI'),(4152,20,2410900,'Riachuelo','RN'),(4153,26,2805901,'Riachuelo','SE'),(4154,9,5218607,'Rialma','GO'),(4155,9,5218706,'Rianápolis','GO'),(4156,10,2109551,'Ribamar Fiquene','MA'),(4157,12,5007109,'Ribas do Rio Pardo','MS'),(4158,25,3542800,'Ribeira','SP'),(4159,5,2926509,'Ribeira do Amparo','BA'),(4160,18,2208874,'Ribeira do Piauí','PI'),(4161,5,2926608,'Ribeira do Pombal','BA'),(4162,17,2611804,'Ribeirão','PE'),(4163,25,3542909,'Ribeirão Bonito','SP'),(4164,25,3543006,'Ribeirão Branco','SP'),(4165,11,5107180,'Ribeirão Cascalheira','MT'),(4166,16,4121802,'Ribeirão Claro','PR'),(4167,25,3543105,'Ribeirão Corrente','SP'),(4168,13,3154606,'Ribeirão das Neves','MG'),(4169,5,2926657,'Ribeirão do Largo','BA'),(4170,16,4121901,'Ribeirão do Pinhal','PR'),(4171,25,3543204,'Ribeirão do Sul','SP'),(4172,25,3543238,'Ribeirão dos Índios','SP'),(4173,25,3543253,'Ribeirão Grande','SP'),(4174,25,3543303,'Ribeirão Pires','SP'),(4175,25,3543402,'Ribeirão Preto','SP'),(4176,13,3154705,'Ribeirão Vermelho','MG'),(4177,11,5107198,'Ribeirãozinho','MT'),(4178,18,2208908,'Ribeiro Gonçalves','PI'),(4179,26,2806008,'Ribeirópolis','SE'),(4180,25,3543600,'Rifaina','SP'),(4181,25,3543709,'Rincão','SP'),(4182,25,3543808,'Rinópolis','SP'),(4183,13,3154804,'Rio Acima','MG'),(4184,16,4122008,'Rio Azul','PR'),(4185,8,3204351,'Rio Bananal','ES'),(4186,16,4122107,'Rio Bom','PR'),(4187,19,3304300,'Rio Bonito','RJ'),(4188,16,4122156,'Rio Bonito do Iguaçu','PR'),(4189,1,1200401,'Rio Branco','AC'),(4190,11,5107206,'Rio Branco','MT'),(4191,16,4122172,'Rio Branco do Ivaí','PR'),(4192,16,4122206,'Rio Branco do Sul','PR'),(4193,12,5007208,'Rio Brilhante','MS'),(4194,13,3154903,'Rio Casca','MG'),(4195,19,3304409,'Rio Claro','RJ'),(4196,25,3543907,'Rio Claro','SP'),(4197,22,1100262,'Rio Crespo','RO'),(4198,27,1718659,'Rio da Conceição','TO'),(4199,24,4214409,'Rio das Antas','SC'),(4200,19,3304508,'Rio das Flores','RJ'),(4201,19,3304524,'Rio das Ostras','RJ'),(4202,25,3544004,'Rio das Pedras','SP'),(4203,5,2926707,'Rio de Contas','BA'),(4204,19,3304557,'Rio de Janeiro','RJ'),(4205,5,2926806,'Rio do Antônio','BA'),(4206,24,4214508,'Rio do Campo','SC'),(4207,20,2408953,'Rio do Fogo','RN'),(4208,24,4214607,'Rio do Oeste','SC'),(4209,5,2926905,'Rio do Pires','BA'),(4210,13,3155108,'Rio do Prado','MG'),(4211,24,4214805,'Rio do Sul','SC'),(4212,13,3155009,'Rio Doce','MG'),(4213,27,1718709,'Rio dos Bois','TO'),(4214,24,4214706,'Rio dos Cedros','SC'),(4215,21,4315552,'Rio dos Índios','RS'),(4216,13,3155207,'Rio Espera','MG'),(4217,17,2611903,'Rio Formoso','PE'),(4218,24,4214904,'Rio Fortuna','SC'),(4219,21,4315602,'Rio Grande','RS'),(4220,25,3544103,'Rio Grande da Serra','SP'),(4221,18,2209005,'Rio Grande do Piauí','PI'),(4222,2,2707701,'Rio Largo','AL'),(4223,13,3155306,'Rio Manso','MG'),(4224,14,1506161,'Rio Maria','PA'),(4225,24,4215000,'Rio Negrinho','SC'),(4226,12,5007307,'Rio Negro','MS'),(4227,16,4122305,'Rio Negro','PR'),(4228,13,3155405,'Rio Novo','MG'),(4229,8,3204401,'Rio Novo do Sul','ES'),(4230,13,3155504,'Rio Paranaíba','MG'),(4231,21,4315701,'Rio Pardo','RS'),(4232,13,3155603,'Rio Pardo de Minas','MG'),(4233,13,3155702,'Rio Piracicaba','MG'),(4234,13,3155801,'Rio Pomba','MG'),(4235,13,3155900,'Rio Preto','MG'),(4236,4,1303569,'Rio Preto da Eva','AM'),(4237,9,5218789,'Rio Quente','GO'),(4238,5,2927002,'Rio Real','BA'),(4239,24,4215059,'Rio Rufino','SC'),(4240,27,1718758,'Rio Sono','TO'),(4241,15,2512903,'Rio Tinto','PB'),(4242,9,5218805,'Rio Verde','GO'),(4243,12,5007406,'Rio Verde de Mato Grosso','MS'),(4244,13,3156007,'Rio Vermelho','MG'),(4245,25,3544202,'Riolândia','SP'),(4246,21,4315750,'Riozinho','RS'),(4247,24,4215075,'Riqueza','SC'),(4248,13,3156106,'Ritápolis','MG'),(4249,25,3543501,'Riversul','SP'),(4250,21,4315800,'Roca Sales','RS'),(4251,12,5007505,'Rochedo','MS'),(4252,13,3156205,'Rochedo de Minas','MG'),(4253,24,4215109,'Rodeio','SC'),(4254,21,4315909,'Rodeio Bonito','RS'),(4255,13,3156304,'Rodeiro','MG'),(4256,5,2927101,'Rodelas','BA'),(4257,20,2411007,'Rodolfo Fernandes','RN'),(4258,1,1200427,'Rodrigues Alves','AC'),(4259,21,4315958,'Rolador','RS'),(4260,16,4122404,'Rolândia','PR'),(4261,21,4316006,'Rolante','RS'),(4262,22,1100288,'Rolim de Moura','RO'),(4263,13,3156403,'Romaria','MG'),(4264,24,4215208,'Romelândia','SC'),(4265,16,4122503,'Roncador','PR'),(4266,21,4316105,'Ronda Alta','RS'),(4267,21,4316204,'Rondinha','RS'),(4268,11,5107578,'Rondolândia','MT'),(4269,16,4122602,'Rondon','PR'),(4270,14,1506187,'Rondon do Pará','PA'),(4271,11,5107602,'Rondonópolis','MT'),(4272,21,4316303,'Roque Gonzales','RS'),(4273,23,1400472,'Rorainópolis','RR'),(4274,25,3544251,'Rosana','SP'),(4275,10,2109601,'Rosário','MA'),(4276,13,3156452,'Rosário da Limeira','MG'),(4277,26,2806107,'Rosário do Catete','SE'),(4278,16,4122651,'Rosário do Ivaí','PR'),(4279,21,4316402,'Rosário do Sul','RS'),(4280,11,5107701,'Rosário Oeste','MT'),(4281,25,3544301,'Roseira','SP'),(4282,2,2707800,'Roteiro','AL'),(4283,13,3156502,'Rubelita','MG'),(4284,25,3544400,'Rubiácea','SP'),(4285,9,5218904,'Rubiataba','GO'),(4286,13,3156601,'Rubim','MG'),(4287,25,3544509,'Rubinéia','SP'),(4288,14,1506195,'Rurópolis','PA'),(4289,6,2311801,'Russas','CE'),(4290,5,2927200,'Ruy Barbosa','BA'),(4291,20,2411106,'Ruy Barbosa','RN'),(4292,13,3156700,'Sabará','MG'),(4293,16,4122701,'Sabáudia','PR'),(4294,25,3544608,'Sabino','SP'),(4295,13,3156809,'Sabinópolis','MG'),(4296,6,2311900,'Saboeiro','CE'),(4297,13,3156908,'Sacramento','MG'),(4298,21,4316428,'Sagrada Família','RS'),(4299,25,3544707,'Sagres','SP'),(4300,17,2612000,'Sairé','PE'),(4301,21,4316436,'Saldanha Marinho','RS'),(4302,25,3544806,'Sales','SP'),(4303,25,3544905,'Sales Oliveira','SP'),(4304,25,3545001,'Salesópolis','SP'),(4305,24,4215307,'Salete','SC'),(4306,15,2513000,'Salgadinho','PB'),(4307,17,2612109,'Salgadinho','PE'),(4308,26,2806206,'Salgado','SE'),(4309,15,2513109,'Salgado de São Félix','PB'),(4310,16,4122800,'Salgado Filho','PR'),(4311,17,2612208,'Salgueiro','PE'),(4312,13,3157005,'Salinas','MG'),(4313,5,2927309,'Salinas da Margarida','BA'),(4314,14,1506203,'Salinópolis','PA'),(4315,6,2311959,'Salitre','CE'),(4316,25,3545100,'Salmourão','SP'),(4317,17,2612307,'Saloá','PE'),(4318,24,4215356,'Saltinho','SC'),(4319,25,3545159,'Saltinho','SP'),(4320,25,3545209,'Salto','SP'),(4321,13,3157104,'Salto da Divisa','MG'),(4322,25,3545308,'Salto de Pirapora','SP'),(4323,11,5107750,'Salto do Céu','MT'),(4324,16,4122909,'Salto do Itararé','PR'),(4325,21,4316451,'Salto do Jacuí','RS'),(4326,16,4123006,'Salto do Lontra','PR'),(4327,25,3545407,'Salto Grande','SP'),(4328,24,4215406,'Salto Veloso','SC'),(4329,5,2927408,'Salvador','BA'),(4330,21,4316477,'Salvador das Missões','RS'),(4331,21,4316501,'Salvador do Sul','RS'),(4332,14,1506302,'Salvaterra','PA'),(4333,10,2109700,'Sambaíba','MA'),(4334,27,1718808,'Sampaio','TO'),(4335,21,4316600,'Sananduva','RS'),(4336,9,5219001,'Sanclerlândia','GO'),(4337,27,1718840,'Sandolândia','TO'),(4338,25,3545506,'Sandovalina','SP'),(4339,24,4215455,'Sangão','SC'),(4340,17,2612406,'Sanharó','PE'),(4341,25,3545605,'Santa Adélia','SP'),(4342,25,3545704,'Santa Albertina','SP'),(4343,16,4123105,'Santa Amélia','PR'),(4344,5,2927507,'Santa Bárbara','BA'),(4345,13,3157203,'Santa Bárbara','MG'),(4346,9,5219100,'Santa Bárbara de Goiás','GO'),(4347,13,3157252,'Santa Bárbara do Leste','MG'),(4348,13,3157278,'Santa Bárbara do Monte Verde','MG'),(4349,14,1506351,'Santa Bárbara do Pará','PA'),(4350,21,4316709,'Santa Bárbara do Sul','RS'),(4351,13,3157302,'Santa Bárbara do Tugúrio','MG'),(4352,25,3545803,'Santa Bárbara d\'Oeste','SP'),(4353,25,3546009,'Santa Branca','SP'),(4354,5,2927606,'Santa Brígida','BA'),(4355,11,5107248,'Santa Carmem','MT'),(4356,15,2513158,'Santa Cecília','PB'),(4357,24,4215505,'Santa Cecília','SC'),(4358,16,4123204,'Santa Cecília do Pavão','PR'),(4359,21,4316733,'Santa Cecília do Sul','RS'),(4360,21,4316758,'Santa Clara do Sul','RS'),(4361,25,3546108,'Santa Clara d\'Oeste','SP'),(4362,15,2513208,'Santa Cruz','PB'),(4363,17,2612455,'Santa Cruz','PE'),(4364,20,2411205,'Santa Cruz','RN'),(4365,5,2927705,'Santa Cruz Cabrália','BA'),(4366,17,2612471,'Santa Cruz da Baixa Verde','PE'),(4367,25,3546207,'Santa Cruz da Conceição','SP'),(4368,25,3546256,'Santa Cruz da Esperança','SP'),(4369,5,2927804,'Santa Cruz da Vitória','BA'),(4370,25,3546306,'Santa Cruz das Palmeiras','SP'),(4371,9,5219209,'Santa Cruz de Goiás','GO'),(4372,13,3157336,'Santa Cruz de Minas','MG'),(4373,16,4123303,'Santa Cruz de Monte Castelo','PR'),(4374,13,3157377,'Santa Cruz de Salinas','MG'),(4375,14,1506401,'Santa Cruz do Arari','PA'),(4376,17,2612505,'Santa Cruz do Capibaribe','PE'),(4377,13,3157401,'Santa Cruz do Escalvado','MG'),(4378,18,2209104,'Santa Cruz do Piauí','PI'),(4379,25,3546405,'Santa Cruz do Rio Pardo','SP'),(4380,21,4316808,'Santa Cruz do Sul','RS'),(4381,11,5107743,'Santa Cruz do Xingu','MT'),(4382,18,2209153,'Santa Cruz dos Milagres','PI'),(4383,13,3157500,'Santa Efigênia de Minas','MG'),(4384,25,3546504,'Santa Ernestina','SP'),(4385,16,4123402,'Santa Fé','PR'),(4386,9,5219258,'Santa Fé de Goiás','GO'),(4387,13,3157609,'Santa Fé de Minas','MG'),(4388,27,1718865,'Santa Fé do Araguaia','TO'),(4389,25,3546603,'Santa Fé do Sul','SP'),(4390,17,2612554,'Santa Filomena','PE'),(4391,18,2209203,'Santa Filomena','PI'),(4392,10,2109759,'Santa Filomena do Maranhão','MA'),(4393,25,3546702,'Santa Gertrudes','SP'),(4394,10,2109809,'Santa Helena','MA'),(4395,15,2513307,'Santa Helena','PB'),(4396,16,4123501,'Santa Helena','PR'),(4397,24,4215554,'Santa Helena','SC'),(4398,9,5219308,'Santa Helena de Goiás','GO'),(4399,13,3157658,'Santa Helena de Minas','MG'),(4400,5,2927903,'Santa Inês','BA'),(4401,10,2109908,'Santa Inês','MA'),(4402,15,2513356,'Santa Inês','PB'),(4403,16,4123600,'Santa Inês','PR'),(4404,9,5219357,'Santa Isabel','GO'),(4405,25,3546801,'Santa Isabel','SP'),(4406,16,4123709,'Santa Isabel do Ivaí','PR'),(4407,14,1506500,'Santa Isabel do Pará','PA'),(4408,4,1303601,'Santa Isabel do Rio Negro','AM'),(4409,16,4123808,'Santa Izabel do Oeste','PR'),(4410,13,3157708,'Santa Juliana','MG'),(4411,8,3204500,'Santa Leopoldina','ES'),(4412,16,4123824,'Santa Lúcia','PR'),(4413,25,3546900,'Santa Lúcia','SP'),(4414,18,2209302,'Santa Luz','PI'),(4415,5,2928059,'Santa Luzia','BA'),(4416,10,2110005,'Santa Luzia','MA'),(4417,13,3157807,'Santa Luzia','MG'),(4418,15,2513406,'Santa Luzia','PB'),(4419,26,2806305,'Santa Luzia do Itanhy','SE'),(4420,2,2707909,'Santa Luzia do Norte','AL'),(4421,14,1506559,'Santa Luzia do Pará','PA'),(4422,10,2110039,'Santa Luzia do Paruá','MA'),(4423,22,1100296,'Santa Luzia D\'Oeste','RO'),(4424,13,3157906,'Santa Margarida','MG'),(4425,21,4316972,'Santa Margarida do Sul','RS'),(4426,20,2409332,'Santa Maria','RN'),(4427,21,4316907,'Santa Maria','RS'),(4428,17,2612604,'Santa Maria da Boa Vista','PE'),(4429,25,3547007,'Santa Maria da Serra','SP'),(4430,5,2928109,'Santa Maria da Vitória','BA'),(4431,14,1506583,'Santa Maria das Barreiras','PA'),(4432,13,3158003,'Santa Maria de Itabira','MG'),(4433,8,3204559,'Santa Maria de Jetibá','ES'),(4434,17,2612703,'Santa Maria do Cambucá','PE'),(4435,21,4316956,'Santa Maria do Herval','RS'),(4436,16,4123857,'Santa Maria do Oeste','PR'),(4437,14,1506609,'Santa Maria do Pará','PA'),(4438,13,3158102,'Santa Maria do Salto','MG'),(4439,13,3158201,'Santa Maria do Suaçuí','MG'),(4440,27,1718881,'Santa Maria do Tocantins','TO'),(4441,19,3304607,'Santa Maria Madalena','RJ'),(4442,16,4123907,'Santa Mariana','PR'),(4443,25,3547106,'Santa Mercedes','SP'),(4444,16,4123956,'Santa Mônica','PR'),(4445,6,2312205,'Santa Quitéria','CE'),(4446,10,2110104,'Santa Quitéria do Maranhão','MA'),(4447,10,2110203,'Santa Rita','MA'),(4448,15,2513703,'Santa Rita','PB'),(4449,13,3159209,'Santa Rita de Caldas','MG'),(4450,5,2928406,'Santa Rita de Cássia','BA'),(4451,13,3159407,'Santa Rita de Ibitipoca','MG'),(4452,13,3159308,'Santa Rita de Jacutinga','MG'),(4453,13,3159357,'Santa Rita de Minas','MG'),(4454,9,5219407,'Santa Rita do Araguaia','GO'),(4455,13,3159506,'Santa Rita do Itueto','MG'),(4456,9,5219456,'Santa Rita do Novo Destino','GO'),(4457,12,5007554,'Santa Rita do Pardo','MS'),(4458,25,3547502,'Santa Rita do Passa Quatro','SP'),(4459,13,3159605,'Santa Rita do Sapucaí','MG'),(4460,27,1718899,'Santa Rita do Tocantins','TO'),(4461,11,5107768,'Santa Rita do Trivelato','MT'),(4462,25,3547403,'Santa Rita d\'Oeste','SP'),(4463,21,4317202,'Santa Rosa','RS'),(4464,13,3159704,'Santa Rosa da Serra','MG'),(4465,9,5219506,'Santa Rosa de Goiás','GO'),(4466,24,4215604,'Santa Rosa de Lima','SC'),(4467,26,2806503,'Santa Rosa de Lima','SE'),(4468,25,3547601,'Santa Rosa de Viterbo','SP'),(4469,18,2209377,'Santa Rosa do Piauí','PI'),(4470,1,1200435,'Santa Rosa do Purus','AC'),(4471,24,4215653,'Santa Rosa do Sul','SC'),(4472,27,1718907,'Santa Rosa do Tocantins','TO'),(4473,25,3547650,'Santa Salete','SP'),(4474,8,3204609,'Santa Teresa','ES'),(4475,5,2928505,'Santa Teresinha','BA'),(4476,15,2513802,'Santa Teresinha','PB'),(4477,21,4317251,'Santa Tereza','RS'),(4478,9,5219605,'Santa Tereza de Goiás','GO'),(4479,16,4124020,'Santa Tereza do Oeste','PR'),(4480,27,1719004,'Santa Tereza do Tocantins','TO'),(4481,11,5107776,'Santa Terezinha','MT'),(4482,17,2612802,'Santa Terezinha','PE'),(4483,24,4215679,'Santa Terezinha','SC'),(4484,9,5219704,'Santa Terezinha de Goiás','GO'),(4485,16,4124053,'Santa Terezinha de Itaipu','PR'),(4486,24,4215687,'Santa Terezinha do Progresso','SC'),(4487,27,1720002,'Santa Terezinha do Tocantins','TO'),(4488,13,3159803,'Santa Vitória','MG'),(4489,21,4317301,'Santa Vitória do Palmar','RS'),(4490,5,2928000,'Santaluz','BA'),(4491,3,1600600,'Santana','AP'),(4492,5,2928208,'Santana','BA'),(4493,21,4317004,'Santana da Boa Vista','RS'),(4494,25,3547205,'Santana da Ponte Pensa','SP'),(4495,13,3158300,'Santana da Vargem','MG'),(4496,13,3158409,'Santana de Cataguases','MG'),(4497,15,2513505,'Santana de Mangueira','PB'),(4498,25,3547304,'Santana de Parnaíba','SP'),(4499,13,3158508,'Santana de Pirapama','MG'),(4500,6,2312007,'Santana do Acaraú','CE'),(4501,14,1506708,'Santana do Araguaia','PA'),(4502,6,2312106,'Santana do Cariri','CE'),(4503,13,3158607,'Santana do Deserto','MG'),(4504,13,3158706,'Santana do Garambéu','MG'),(4505,2,2708006,'Santana do Ipanema','AL'),(4506,16,4124004,'Santana do Itararé','PR'),(4507,13,3158805,'Santana do Jacaré','MG'),(4508,21,4317103,'Sant\'Ana do Livramento','RS'),(4509,13,3158904,'Santana do Manhuaçu','MG'),(4510,10,2110237,'Santana do Maranhão','MA'),(4511,20,2411403,'Santana do Matos','RN'),(4512,2,2708105,'Santana do Mundaú','AL'),(4513,13,3158953,'Santana do Paraíso','MG'),(4514,18,2209351,'Santana do Piauí','PI'),(4515,13,3159001,'Santana do Riacho','MG'),(4516,26,2806404,'Santana do São Francisco','SE'),(4517,20,2411429,'Santana do Seridó','RN'),(4518,15,2513604,'Santana dos Garrotes','PB'),(4519,13,3159100,'Santana dos Montes','MG'),(4520,5,2928307,'Santanópolis','BA'),(4521,14,1506807,'Santarém','PA'),(4522,14,1506906,'Santarém Novo','PA'),(4523,21,4317400,'Santiago','RS'),(4524,24,4215695,'Santiago do Sul','SC'),(4525,11,5107263,'Santo Afonso','MT'),(4526,5,2928604,'Santo Amaro','BA'),(4527,24,4215703,'Santo Amaro da Imperatriz','SC'),(4528,26,2806602,'Santo Amaro das Brotas','SE'),(4529,10,2110278,'Santo Amaro do Maranhão','MA'),(4530,25,3547700,'Santo Anastácio','SP'),(4531,15,2513851,'Santo André','PB'),(4532,25,3547809,'Santo André','SP'),(4533,21,4317509,'Santo Ângelo','RS'),(4534,20,2411502,'Santo Antônio','RN'),(4535,25,3547908,'Santo Antônio da Alegria','SP'),(4536,9,5219712,'Santo Antônio da Barra','GO'),(4537,21,4317608,'Santo Antônio da Patrulha','RS'),(4538,16,4124103,'Santo Antônio da Platina','PR'),(4539,21,4317707,'Santo Antônio das Missões','RS'),(4540,9,5219738,'Santo Antônio de Goiás','GO'),(4541,5,2928703,'Santo Antônio de Jesus','BA'),(4542,18,2209401,'Santo Antônio de Lisboa','PI'),(4543,19,3304706,'Santo Antônio de Pádua','RJ'),(4544,25,3548005,'Santo Antônio de Posse','SP'),(4545,13,3159902,'Santo Antônio do Amparo','MG'),(4546,25,3548054,'Santo Antônio do Aracanguá','SP'),(4547,13,3160009,'Santo Antônio do Aventureiro','MG'),(4548,16,4124202,'Santo Antônio do Caiuá','PR'),(4549,9,5219753,'Santo Antônio do Descoberto','GO'),(4550,13,3160108,'Santo Antônio do Grama','MG'),(4551,4,1303700,'Santo Antônio do Içá','AM'),(4552,13,3160207,'Santo Antônio do Itambé','MG'),(4553,13,3160306,'Santo Antônio do Jacinto','MG'),(4554,25,3548104,'Santo Antônio do Jardim','SP'),(4555,11,5107792,'Santo Antônio do Leste','MT'),(4556,11,5107800,'Santo Antônio do Leverger','MT'),(4557,13,3160405,'Santo Antônio do Monte','MG'),(4558,21,4317558,'Santo Antônio do Palma','RS'),(4559,16,4124301,'Santo Antônio do Paraíso','PR'),(4560,25,3548203,'Santo Antônio do Pinhal','SP'),(4561,21,4317756,'Santo Antônio do Planalto','RS'),(4562,13,3160454,'Santo Antônio do Retiro','MG'),(4563,13,3160504,'Santo Antônio do Rio Abaixo','MG'),(4564,16,4124400,'Santo Antônio do Sudoeste','PR'),(4565,14,1507003,'Santo Antônio do Tauá','PA'),(4566,10,2110302,'Santo Antônio dos Lopes','MA'),(4567,18,2209450,'Santo Antônio dos Milagres','PI'),(4568,21,4317806,'Santo Augusto','RS'),(4569,21,4317905,'Santo Cristo','RS'),(4570,5,2928802,'Santo Estêvão','BA'),(4571,25,3548302,'Santo Expedito','SP'),(4572,21,4317954,'Santo Expedito do Sul','RS'),(4573,13,3160603,'Santo Hipólito','MG'),(4574,16,4124509,'Santo Inácio','PR'),(4575,18,2209500,'Santo Inácio do Piauí','PI'),(4576,25,3548401,'Santópolis do Aguapeí','SP'),(4577,25,3548500,'Santos','SP'),(4578,13,3160702,'Santos Dumont','MG'),(4579,6,2312304,'São Benedito','CE'),(4580,10,2110401,'São Benedito do Rio Preto','MA'),(4581,17,2612901,'São Benedito do Sul','PE'),(4582,15,2513927,'São Bentinho','PB'),(4583,10,2110500,'São Bento','MA'),(4584,15,2513901,'São Bento','PB'),(4585,13,3160801,'São Bento Abade','MG'),(4586,20,2411601,'São Bento do Norte','RN'),(4587,25,3548609,'São Bento do Sapucaí','SP'),(4588,24,4215802,'São Bento do Sul','SC'),(4589,27,1720101,'São Bento do Tocantins','TO'),(4590,20,2411700,'São Bento do Trairí','RN'),(4591,17,2613008,'São Bento do Una','PE'),(4592,24,4215752,'São Bernardino','SC'),(4593,10,2110609,'São Bernardo','MA'),(4594,25,3548708,'São Bernardo do Campo','SP'),(4595,24,4215901,'São Bonifácio','SC'),(4596,21,4318002,'São Borja','RS'),(4597,2,2708204,'São Brás','AL'),(4598,13,3160900,'São Brás do Suaçuí','MG'),(4599,18,2209559,'São Braz do Piauí','PI'),(4600,14,1507102,'São Caetano de Odivelas','PA'),(4601,25,3548807,'São Caetano do Sul','SP'),(4602,17,2613107,'São Caitano','PE'),(4603,24,4216008,'São Carlos','SC'),(4604,25,3548906,'São Carlos','SP'),(4605,16,4124608,'São Carlos do Ivaí','PR'),(4606,26,2806701,'São Cristóvão','SE'),(4607,24,4216057,'São Cristovão do Sul','SC'),(4608,5,2928901,'São Desidério','BA'),(4609,5,2928950,'São Domingos','BA'),(4610,9,5219803,'São Domingos','GO'),(4611,15,2513968,'São Domingos','PB'),(4612,24,4216107,'São Domingos','SC'),(4613,26,2806800,'São Domingos','SE'),(4614,13,3160959,'São Domingos das Dores','MG'),(4615,14,1507151,'São Domingos do Araguaia','PA'),(4616,10,2110658,'São Domingos do Azeitão','MA'),(4617,14,1507201,'São Domingos do Capim','PA'),(4618,15,2513943,'São Domingos do Cariri','PB'),(4619,10,2110708,'São Domingos do Maranhão','MA'),(4620,8,3204658,'São Domingos do Norte','ES'),(4621,13,3161007,'São Domingos do Prata','MG'),(4622,21,4318051,'São Domingos do Sul','RS'),(4623,5,2929107,'São Felipe','BA'),(4624,22,1101484,'São Felipe D\'Oeste','RO'),(4625,5,2929008,'São Félix','BA'),(4626,10,2110807,'São Félix de Balsas','MA'),(4627,13,3161056,'São Félix de Minas','MG'),(4628,11,5107859,'São Félix do Araguaia','MT'),(4629,5,2929057,'São Félix do Coribe','BA'),(4630,18,2209609,'São Félix do Piauí','PI'),(4631,27,1720150,'São Félix do Tocantins','TO'),(4632,14,1507300,'São Félix do Xingu','PA'),(4633,20,2411809,'São Fernando','RN'),(4634,19,3304805,'São Fidélis','RJ'),(4635,13,3161106,'São Francisco','MG'),(4636,15,2513984,'São Francisco','PB'),(4637,26,2806909,'São Francisco','SE'),(4638,25,3549003,'São Francisco','SP'),(4639,21,4318101,'São Francisco de Assis','RS'),(4640,18,2209658,'São Francisco de Assis do Piauí','PI'),(4641,9,5219902,'São Francisco de Goiás','GO'),(4642,19,3304755,'São Francisco de Itabapoana','RJ'),(4643,13,3161205,'São Francisco de Paula','MG'),(4644,21,4318200,'São Francisco de Paula','RS'),(4645,13,3161304,'São Francisco de Sales','MG'),(4646,10,2110856,'São Francisco do Brejão','MA'),(4647,5,2929206,'São Francisco do Conde','BA'),(4648,13,3161403,'São Francisco do Glória','MG'),(4649,22,1101492,'São Francisco do Guaporé','RO'),(4650,10,2110906,'São Francisco do Maranhão','MA'),(4651,20,2411908,'São Francisco do Oeste','RN'),(4652,14,1507409,'São Francisco do Pará','PA'),(4653,18,2209708,'São Francisco do Piauí','PI'),(4654,24,4216206,'São Francisco do Sul','SC'),(4655,5,2929255,'São Gabriel','BA'),(4656,21,4318309,'São Gabriel','RS'),(4657,4,1303809,'São Gabriel da Cachoeira','AM'),(4658,8,3204708,'São Gabriel da Palha','ES'),(4659,12,5007695,'São Gabriel do Oeste','MS'),(4660,13,3161502,'São Geraldo','MG'),(4661,13,3161601,'São Geraldo da Piedade','MG'),(4662,14,1507458,'São Geraldo do Araguaia','PA'),(4663,13,3161650,'São Geraldo do Baixio','MG'),(4664,19,3304904,'São Gonçalo','RJ'),(4665,13,3161700,'São Gonçalo do Abaeté','MG'),(4666,6,2312403,'São Gonçalo do Amarante','CE'),(4667,20,2412005,'São Gonçalo do Amarante','RN'),(4668,18,2209757,'São Gonçalo do Gurguéia','PI'),(4669,13,3161809,'São Gonçalo do Pará','MG'),(4670,18,2209807,'São Gonçalo do Piauí','PI'),(4671,13,3161908,'São Gonçalo do Rio Abaixo','MG'),(4672,13,3125507,'São Gonçalo do Rio Preto','MG'),(4673,13,3162005,'São Gonçalo do Sapucaí','MG'),(4674,5,2929305,'São Gonçalo dos Campos','BA'),(4675,13,3162104,'São Gotardo','MG'),(4676,21,4318408,'São Jerônimo','RS'),(4677,16,4124707,'São Jerônimo da Serra','PR'),(4678,17,2613206,'São João','PE'),(4679,16,4124806,'São João','PR'),(4680,10,2111003,'São João Batista','MA'),(4681,24,4216305,'São João Batista','SC'),(4682,13,3162203,'São João Batista do Glória','MG'),(4683,23,1400506,'São João da Baliza','RR'),(4684,19,3305000,'São João da Barra','RJ'),(4685,25,3549102,'São João da Boa Vista','SP'),(4686,18,2209856,'São João da Canabrava','PI'),(4687,18,2209872,'São João da Fronteira','PI'),(4688,13,3162252,'São João da Lagoa','MG'),(4689,13,3162302,'São João da Mata','MG'),(4690,9,5220058,'São João da Paraúna','GO'),(4691,14,1507466,'São João da Ponta','PA'),(4692,13,3162401,'São João da Ponte','MG'),(4693,18,2209906,'São João da Serra','PI'),(4694,21,4318424,'São João da Urtiga','RS'),(4695,18,2209955,'São João da Varjota','PI'),(4696,9,5220009,'São João d\'Aliança','GO'),(4697,25,3549201,'São João das Duas Pontes','SP'),(4698,13,3162450,'São João das Missões','MG'),(4699,25,3549250,'São João de Iracema','SP'),(4700,19,3305109,'São João de Meriti','RJ'),(4701,14,1507474,'São João de Pirabas','PA'),(4702,13,3162500,'São João del Rei','MG'),(4703,14,1507508,'São João do Araguaia','PA'),(4704,18,2209971,'São João do Arraial','PI'),(4705,16,4124905,'São João do Caiuá','PR'),(4706,15,2514008,'São João do Cariri','PB'),(4707,10,2111029,'São João do Carú','MA'),(4708,24,4216354,'São João do Itaperiú','SC'),(4709,16,4125001,'São João do Ivaí','PR'),(4710,6,2312502,'São João do Jaguaribe','CE'),(4711,13,3162559,'São João do Manhuaçu','MG'),(4712,13,3162575,'São João do Manteninha','MG'),(4713,24,4216255,'São João do Oeste','SC'),(4714,13,3162609,'São João do Oriente','MG'),(4715,13,3162658,'São João do Pacuí','MG'),(4716,10,2111052,'São João do Paraíso','MA'),(4717,13,3162708,'São João do Paraíso','MG'),(4718,25,3549300,'São João do Pau d\'Alho','SP'),(4719,18,2210003,'São João do Piauí','PI'),(4720,21,4318432,'São João do Polêsine','RS'),(4721,15,2500700,'São João do Rio do Peixe','PB'),(4722,20,2412104,'São João do Sabugi','RN'),(4723,10,2111078,'São João do Soter','MA'),(4724,24,4216404,'São João do Sul','SC'),(4725,15,2514107,'São João do Tigre','PB'),(4726,16,4125100,'São João do Triunfo','PR'),(4727,10,2111102,'São João dos Patos','MA'),(4728,13,3162807,'São João Evangelista','MG'),(4729,13,3162906,'São João Nepomuceno','MG'),(4730,24,4216503,'São Joaquim','SC'),(4731,25,3549409,'São Joaquim da Barra','SP'),(4732,13,3162922,'São Joaquim de Bicas','MG'),(4733,17,2613305,'São Joaquim do Monte','PE'),(4734,21,4318440,'São Jorge','RS'),(4735,16,4125308,'São Jorge do Ivaí','PR'),(4736,16,4125357,'São Jorge do Patrocínio','PR'),(4737,16,4125209,'São Jorge d\'Oeste','PR'),(4738,24,4216602,'São José','SC'),(4739,13,3162948,'São José da Barra','MG'),(4740,25,3549508,'São José da Bela Vista','SP'),(4741,16,4125407,'São José da Boa Vista','PR'),(4742,17,2613404,'São José da Coroa Grande','PE'),(4743,15,2514206,'São José da Lagoa Tapada','PB'),(4744,2,2708303,'São José da Laje','AL'),(4745,13,3162955,'São José da Lapa','MG'),(4746,13,3163003,'São José da Safira','MG'),(4747,2,2708402,'São José da Tapera','AL'),(4748,13,3163102,'São José da Varginha','MG'),(4749,5,2929354,'São José da Vitória','BA'),(4750,21,4318457,'São José das Missões','RS'),(4751,16,4125456,'São José das Palmeiras','PR'),(4752,15,2514305,'São José de Caiana','PB'),(4753,15,2514404,'São José de Espinharas','PB'),(4754,20,2412203,'São José de Mipibu','RN'),(4755,15,2514503,'São José de Piranhas','PB'),(4756,15,2514552,'São José de Princesa','PB'),(4757,10,2111201,'São José de Ribamar','MA'),(4758,19,3305133,'São José de Ubá','RJ'),(4759,13,3163201,'São José do Alegre','MG'),(4760,25,3549607,'São José do Barreiro','SP'),(4761,17,2613503,'São José do Belmonte','PE'),(4762,15,2514602,'São José do Bonfim','PB'),(4763,15,2514651,'São José do Brejo do Cruz','PB'),(4764,8,3204807,'São José do Calçado','ES'),(4765,20,2412302,'São José do Campestre','RN'),(4766,24,4216701,'São José do Cedro','SC'),(4767,24,4216800,'São José do Cerrito','SC'),(4768,13,3163300,'São José do Divino','MG'),(4769,18,2210052,'São José do Divino','PI'),(4770,17,2613602,'São José do Egito','PE'),(4771,13,3163409,'São José do Goiabal','MG'),(4772,21,4318465,'São José do Herval','RS'),(4773,21,4318481,'São José do Hortêncio','RS'),(4774,21,4318499,'São José do Inhacorá','RS'),(4775,5,2929370,'São José do Jacuípe','BA'),(4776,13,3163508,'São José do Jacuri','MG'),(4777,13,3163607,'São José do Mantimento','MG'),(4778,21,4318507,'São José do Norte','RS'),(4779,21,4318606,'São José do Ouro','RS'),(4780,18,2210102,'São José do Peixe','PI'),(4781,18,2210201,'São José do Piauí','PI'),(4782,11,5107297,'São José do Povo','MT'),(4783,11,5107305,'São José do Rio Claro','MT'),(4784,25,3549706,'São José do Rio Pardo','SP'),(4785,25,3549805,'São José do Rio Preto','SP'),(4786,15,2514701,'São José do Sabugi','PB'),(4787,20,2412401,'São José do Seridó','RN'),(4788,21,4318614,'São José do Sul','RS'),(4789,19,3305158,'São José do Vale do Rio Preto','RJ'),(4790,11,5107354,'São José do Xingu','MT'),(4791,21,4318622,'São José dos Ausentes','RS'),(4792,10,2111250,'São José dos Basílios','MA'),(4793,25,3549904,'São José dos Campos','SP'),(4794,15,2514800,'São José dos Cordeiros','PB'),(4795,16,4125506,'São José dos Pinhais','PR'),(4796,11,5107107,'São José dos Quatro Marcos','MT'),(4797,15,2514453,'São José dos Ramos','PB'),(4798,18,2210300,'São Julião','PI'),(4799,21,4318705,'São Leopoldo','RS'),(4800,13,3163706,'São Lourenço','MG'),(4801,17,2613701,'São Lourenço da Mata','PE'),(4802,25,3549953,'São Lourenço da Serra','SP'),(4803,24,4216909,'São Lourenço do Oeste','SC'),(4804,18,2210359,'São Lourenço do Piauí','PI'),(4805,21,4318804,'São Lourenço do Sul','RS'),(4806,24,4217006,'São Ludgero','SC'),(4807,10,2111300,'São Luís','MA'),(4808,9,5220108,'São Luís de Montes Belos','GO'),(4809,6,2312601,'São Luís do Curu','CE'),(4810,25,3550001,'São Luís do Paraitinga','SP'),(4811,18,2210375,'São Luis do Piauí','PI'),(4812,2,2708501,'São Luís do Quitunde','AL'),(4813,10,2111409,'São Luís Gonzaga do Maranhão','MA'),(4814,23,1400605,'São Luiz','RR'),(4815,9,5220157,'São Luíz do Norte','GO'),(4816,21,4318903,'São Luiz Gonzaga','RS'),(4817,15,2514909,'São Mamede','PB'),(4818,16,4125555,'São Manoel do Paraná','PR'),(4819,25,3550100,'São Manuel','SP'),(4820,21,4319000,'São Marcos','RS'),(4821,21,4319109,'São Martinho','RS'),(4822,24,4217105,'São Martinho','SC'),(4823,21,4319125,'São Martinho da Serra','RS'),(4824,8,3204906,'São Mateus','ES'),(4825,10,2111508,'São Mateus do Maranhão','MA'),(4826,16,4125605,'São Mateus do Sul','PR'),(4827,20,2412500,'São Miguel','RN'),(4828,25,3550209,'São Miguel Arcanjo','SP'),(4829,18,2210383,'São Miguel da Baixa Grande','PI'),(4830,24,4217154,'São Miguel da Boa Vista','SC'),(4831,5,2929404,'São Miguel das Matas','BA'),(4832,21,4319158,'São Miguel das Missões','RS'),(4833,15,2515005,'São Miguel de Taipu','PB'),(4834,26,2807006,'São Miguel do Aleixo','SE'),(4835,13,3163805,'São Miguel do Anta','MG'),(4836,9,5220207,'São Miguel do Araguaia','GO'),(4837,18,2210391,'São Miguel do Fidalgo','PI'),(4838,20,2412559,'São Miguel do Gostoso','RN'),(4839,14,1507607,'São Miguel do Guamá','PA'),(4840,22,1100320,'São Miguel do Guaporé','RO'),(4841,16,4125704,'São Miguel do Iguaçu','PR'),(4842,24,4217204,'São Miguel do Oeste','SC'),(4843,9,5220264,'São Miguel do Passa Quatro','GO'),(4844,18,2210409,'São Miguel do Tapuio','PI'),(4845,27,1720200,'São Miguel do Tocantins','TO'),(4846,2,2708600,'São Miguel dos Campos','AL'),(4847,2,2708709,'São Miguel dos Milagres','AL'),(4848,21,4319208,'São Nicolau','RS'),(4849,9,5220280,'São Patrício','GO'),(4850,25,3550308,'São Paulo','SP'),(4851,21,4319307,'São Paulo das Missões','RS'),(4852,4,1303908,'São Paulo de Olivença','AM'),(4853,20,2412609,'São Paulo do Potengi','RN'),(4854,20,2412708,'São Pedro','RN'),(4855,25,3550407,'São Pedro','SP'),(4856,10,2111532,'São Pedro da Água Branca','MA'),(4857,19,3305208,'São Pedro da Aldeia','RJ'),(4858,11,5107404,'São Pedro da Cipa','MT'),(4859,21,4319356,'São Pedro da Serra','RS'),(4860,13,3163904,'São Pedro da União','MG'),(4861,21,4319364,'São Pedro das Missões','RS'),(4862,24,4217253,'São Pedro de Alcântara','SC'),(4863,21,4319372,'São Pedro do Butiá','RS'),(4864,16,4125753,'São Pedro do Iguaçu','PR'),(4865,16,4125803,'São Pedro do Ivaí','PR'),(4866,16,4125902,'São Pedro do Paraná','PR'),(4867,18,2210508,'São Pedro do Piauí','PI'),(4868,13,3164100,'São Pedro do Suaçuí','MG'),(4869,21,4319406,'São Pedro do Sul','RS'),(4870,25,3550506,'São Pedro do Turvo','SP'),(4871,10,2111573,'São Pedro dos Crentes','MA'),(4872,13,3164001,'São Pedro dos Ferros','MG'),(4873,20,2412807,'São Rafael','RN'),(4874,10,2111607,'São Raimundo das Mangabeiras','MA'),(4875,10,2111631,'São Raimundo do Doca Bezerra','MA'),(4876,18,2210607,'São Raimundo Nonato','PI'),(4877,10,2111672,'São Roberto','MA'),(4878,13,3164209,'São Romão','MG'),(4879,25,3550605,'São Roque','SP'),(4880,13,3164308,'São Roque de Minas','MG'),(4881,8,3204955,'São Roque do Canaã','ES'),(4882,27,1720259,'São Salvador do Tocantins','TO'),(4883,2,2708808,'São Sebastião','AL'),(4884,25,3550704,'São Sebastião','SP'),(4885,16,4126009,'São Sebastião da Amoreira','PR'),(4886,13,3164407,'São Sebastião da Bela Vista','MG'),(4887,14,1507706,'São Sebastião da Boa Vista','PA'),(4888,25,3550803,'São Sebastião da Grama','SP'),(4889,13,3164431,'São Sebastião da Vargem Alegre','MG'),(4890,15,2515104,'São Sebastião de Lagoa de Roça','PB'),(4891,19,3305307,'São Sebastião do Alto','RJ'),(4892,13,3164472,'São Sebastião do Anta','MG'),(4893,21,4319505,'São Sebastião do Caí','RS'),(4894,13,3164506,'São Sebastião do Maranhão','MG'),(4895,13,3164605,'São Sebastião do Oeste','MG'),(4896,13,3164704,'São Sebastião do Paraíso','MG'),(4897,5,2929503,'São Sebastião do Passé','BA'),(4898,13,3164803,'São Sebastião do Rio Preto','MG'),(4899,13,3164902,'São Sebastião do Rio Verde','MG'),(4900,27,1720309,'São Sebastião do Tocantins','TO'),(4901,4,1303957,'São Sebastião do Uatumã','AM'),(4902,15,2515203,'São Sebastião do Umbuzeiro','PB'),(4903,21,4319604,'São Sepé','RS'),(4904,9,5220405,'São Simão','GO'),(4905,25,3550902,'São Simão','SP'),(4906,13,3165206,'São Thomé das Letras','MG'),(4907,13,3165008,'São Tiago','MG'),(4908,13,3165107,'São Tomás de Aquino','MG'),(4909,16,4126108,'São Tomé','PR'),(4910,20,2412906,'São Tomé','RN'),(4911,21,4319703,'São Valentim','RS'),(4912,21,4319711,'São Valentim do Sul','RS'),(4913,27,1720499,'São Valério','TO'),(4914,21,4319737,'São Valério do Sul','RS'),(4915,21,4319752,'São Vendelino','RS'),(4916,20,2413003,'São Vicente','RN'),(4917,25,3551009,'São Vicente','SP'),(4918,13,3165305,'São Vicente de Minas','MG'),(4919,21,4319802,'São Vicente do Sul','RS'),(4920,10,2111706,'São Vicente Ferrer','MA'),(4921,17,2613800,'São Vicente Ferrer','PE'),(4922,15,2515302,'Sapé','PB'),(4923,5,2929602,'Sapeaçu','BA'),(4924,11,5107875,'Sapezal','MT'),(4925,21,4319901,'Sapiranga','RS'),(4926,16,4126207,'Sapopema','PR'),(4927,14,1507755,'Sapucaia','PA'),(4928,19,3305406,'Sapucaia','RJ'),(4929,21,4320008,'Sapucaia do Sul','RS'),(4930,13,3165404,'Sapucaí-Mirim','MG'),(4931,19,3305505,'Saquarema','RJ'),(4932,16,4126256,'Sarandi','PR'),(4933,21,4320107,'Sarandi','RS'),(4934,25,3551108,'Sarapuí','SP'),(4935,13,3165503,'Sardoá','MG'),(4936,25,3551207,'Sarutaiá','SP'),(4937,13,3165537,'Sarzedo','MG'),(4938,5,2929701,'Sátiro Dias','BA'),(4939,2,2708907,'Satuba','AL'),(4940,10,2111722,'Satubinha','MA'),(4941,5,2929750,'Saubara','BA'),(4942,16,4126272,'Saudade do Iguaçu','PR'),(4943,24,4217303,'Saudades','SC'),(4944,5,2929800,'Saúde','BA'),(4945,24,4217402,'Schroeder','SC'),(4946,5,2929909,'Seabra','BA'),(4947,24,4217501,'Seara','SC'),(4948,25,3551306,'Sebastianópolis do Sul','SP'),(4949,18,2210623,'Sebastião Barros','PI'),(4950,5,2930006,'Sebastião Laranjeiras','BA'),(4951,18,2210631,'Sebastião Leal','PI'),(4952,21,4320206,'Seberi','RS'),(4953,21,4320230,'Sede Nova','RS'),(4954,21,4320263,'Segredo','RS'),(4955,21,4320305,'Selbach','RS'),(4956,12,5007802,'Selvíria','MS'),(4957,13,3165560,'Sem-Peixe','MG'),(4958,1,1200500,'Sena Madureira','AC'),(4959,10,2111748,'Senador Alexandre Costa','MA'),(4960,13,3165578,'Senador Amaral','MG'),(4961,9,5220454,'Senador Canedo','GO'),(4962,13,3165602,'Senador Cortes','MG'),(4963,20,2413102,'Senador Elói de Souza','RN'),(4964,13,3165701,'Senador Firmino','MG'),(4965,20,2413201,'Senador Georgino Avelino','RN'),(4966,1,1200450,'Senador Guiomard','AC'),(4967,13,3165800,'Senador José Bento','MG'),(4968,14,1507805,'Senador José Porfírio','PA'),(4969,10,2111763,'Senador La Rocque','MA'),(4970,13,3165909,'Senador Modestino Gonçalves','MG'),(4971,6,2312700,'Senador Pompeu','CE'),(4972,2,2708956,'Senador Rui Palmeira','AL'),(4973,6,2312809,'Senador Sá','CE'),(4974,21,4320321,'Senador Salgado Filho','RS'),(4975,16,4126306,'Sengés','PR'),(4976,5,2930105,'Senhor do Bonfim','BA'),(4977,13,3166006,'Senhora de Oliveira','MG'),(4978,13,3166105,'Senhora do Porto','MG'),(4979,13,3166204,'Senhora dos Remédios','MG'),(4980,21,4320354,'Sentinela do Sul','RS'),(4981,5,2930204,'Sento Sé','BA'),(4982,21,4320404,'Serafina Corrêa','RS'),(4983,13,3166303,'Sericita','MG'),(4984,15,2515401,'Seridó','PB'),(4985,22,1101500,'Seringueiras','RO'),(4986,21,4320453,'Sério','RS'),(4987,13,3166402,'Seritinga','MG'),(4988,19,3305554,'Seropédica','RJ'),(4989,8,3205002,'Serra','ES'),(4990,24,4217550,'Serra Alta','SC'),(4991,25,3551405,'Serra Azul','SP'),(4992,13,3166501,'Serra Azul de Minas','MG'),(4993,15,2515500,'Serra Branca','PB'),(4994,15,2515609,'Serra da Raiz','PB'),(4995,13,3166600,'Serra da Saudade','MG'),(4996,20,2413300,'Serra de São Bento','RN'),(4997,20,2413359,'Serra do Mel','RN'),(4998,3,1600055,'Serra do Navio','AP'),(4999,5,2930154,'Serra do Ramalho','BA'),(5000,13,3166808,'Serra do Salitre','MG'),(5001,13,3166709,'Serra dos Aimorés','MG'),(5002,5,2930303,'Serra Dourada','BA'),(5003,15,2515708,'Serra Grande','PB'),(5004,25,3551603,'Serra Negra','SP'),(5005,20,2413409,'Serra Negra do Norte','RN'),(5006,11,5107883,'Serra Nova Dourada','MT'),(5007,5,2930402,'Serra Preta','BA'),(5008,15,2515807,'Serra Redonda','PB'),(5009,17,2613909,'Serra Talhada','PE'),(5010,25,3551504,'Serrana','SP'),(5011,13,3166907,'Serrania','MG'),(5012,10,2111789,'Serrano do Maranhão','MA'),(5013,9,5220504,'Serranópolis','GO'),(5014,13,3166956,'Serranópolis de Minas','MG'),(5015,16,4126355,'Serranópolis do Iguaçu','PR'),(5016,13,3167004,'Serranos','MG'),(5017,15,2515906,'Serraria','PB'),(5018,5,2930501,'Serrinha','BA'),(5019,20,2413508,'Serrinha','RN'),(5020,20,2413557,'Serrinha dos Pintos','RN'),(5021,17,2614006,'Serrita','PE'),(5022,13,3167103,'Serro','MG'),(5023,5,2930600,'Serrolândia','BA'),(5024,16,4126405,'Sertaneja','PR'),(5025,17,2614105,'Sertânia','PE'),(5026,16,4126504,'Sertanópolis','PR'),(5027,21,4320503,'Sertão','RS'),(5028,21,4320552,'Sertão Santana','RS'),(5029,15,2515930,'Sertãozinho','PB'),(5030,25,3551702,'Sertãozinho','SP'),(5031,25,3551801,'Sete Barras','SP'),(5032,21,4320578,'Sete de Setembro','RS'),(5033,13,3167202,'Sete Lagoas','MG'),(5034,12,5007703,'Sete Quedas','MS'),(5035,13,3165552,'Setubinha','MG'),(5036,21,4320602,'Severiano de Almeida','RS'),(5037,20,2413607,'Severiano Melo','RN'),(5038,25,3551900,'Severínia','SP'),(5039,24,4217600,'Siderópolis','SC'),(5040,12,5007901,'Sidrolândia','MS'),(5041,18,2210656,'Sigefredo Pacheco','PI'),(5042,19,3305604,'Silva Jardim','RJ'),(5043,9,5220603,'Silvânia','GO'),(5044,27,1720655,'Silvanópolis','TO'),(5045,21,4320651,'Silveira Martins','RS'),(5046,13,3167301,'Silveirânia','MG'),(5047,25,3552007,'Silveiras','SP'),(5048,4,1304005,'Silves','AM'),(5049,13,3167400,'Silvianópolis','MG'),(5050,26,2807105,'Simão Dias','SE'),(5051,13,3167509,'Simão Pereira','MG'),(5052,18,2210706,'Simões','PI'),(5053,5,2930709,'Simões Filho','BA'),(5054,9,5220686,'Simolândia','GO'),(5055,13,3167608,'Simonésia','MG'),(5056,18,2210805,'Simplício Mendes','PI'),(5057,21,4320677,'Sinimbu','RS'),(5058,11,5107909,'Sinop','MT'),(5059,16,4126603,'Siqueira Campos','PR'),(5060,17,2614204,'Sirinhaém','PE'),(5061,26,2807204,'Siriri','SE'),(5062,9,5220702,'Sítio d\'Abadia','GO'),(5063,5,2930758,'Sítio do Mato','BA'),(5064,5,2930766,'Sítio do Quinto','BA'),(5065,10,2111805,'Sítio Novo','MA'),(5066,20,2413706,'Sítio Novo','RN'),(5067,27,1720804,'Sítio Novo do Tocantins','TO'),(5068,5,2930774,'Sobradinho','BA'),(5069,21,4320701,'Sobradinho','RS'),(5070,15,2515971,'Sobrado','PB'),(5071,6,2312908,'Sobral','CE'),(5072,13,3167707,'Sobrália','MG'),(5073,25,3552106,'Socorro','SP'),(5074,18,2210904,'Socorro do Piauí','PI'),(5075,15,2516003,'Solânea','PB'),(5076,15,2516102,'Soledade','PB'),(5077,21,4320800,'Soledade','RS'),(5078,13,3167806,'Soledade de Minas','MG'),(5079,17,2614402,'Solidão','PE'),(5080,6,2313005,'Solonópole','CE'),(5081,24,4217709,'Sombrio','SC'),(5082,12,5007935,'Sonora','MS'),(5083,8,3205010,'Sooretama','ES'),(5084,25,3552205,'Sorocaba','SP'),(5085,11,5107925,'Sorriso','MT'),(5086,15,2516151,'Sossêgo','PB'),(5087,14,1507904,'Soure','PA'),(5088,15,2516201,'Sousa','PB'),(5089,5,2930808,'Souto Soares','BA'),(5090,27,1720853,'Sucupira','TO'),(5091,10,2111904,'Sucupira do Norte','MA'),(5092,10,2111953,'Sucupira do Riachão','MA'),(5093,25,3552304,'Sud Mennucci','SP'),(5094,24,4217758,'Sul Brasil','SC'),(5095,16,4126652,'Sulina','PR'),(5096,25,3552403,'Sumaré','SP'),(5097,15,2516300,'Sumé','PB'),(5098,19,3305703,'Sumidouro','RJ'),(5099,17,2614501,'Surubim','PE'),(5100,18,2210938,'Sussuapara','PI'),(5101,25,3552551,'Suzanápolis','SP'),(5102,25,3552502,'Suzano','SP'),(5103,21,4320859,'Tabaí','RS'),(5104,11,5107941,'Tabaporã','MT'),(5105,25,3552601,'Tabapuã','SP'),(5106,4,1304062,'Tabatinga','AM'),(5107,25,3552700,'Tabatinga','SP'),(5108,17,2614600,'Tabira','PE'),(5109,25,3552809,'Taboão da Serra','SP'),(5110,5,2930907,'Tabocas do Brejo Velho','BA'),(5111,20,2413805,'Taboleiro Grande','RN'),(5112,13,3167905,'Tabuleiro','MG'),(5113,6,2313104,'Tabuleiro do Norte','CE'),(5114,17,2614709,'Tacaimbó','PE'),(5115,17,2614808,'Tacaratu','PE'),(5116,25,3552908,'Taciba','SP'),(5117,15,2516409,'Tacima','PB'),(5118,12,5007950,'Tacuru','MS'),(5119,25,3553005,'Taguaí','SP'),(5120,27,1720903,'Taguatinga','TO'),(5121,25,3553104,'Taiaçu','SP'),(5122,14,1507953,'Tailândia','PA'),(5123,24,4217808,'Taió','SC'),(5124,13,3168002,'Taiobeiras','MG'),(5125,27,1720937,'Taipas do Tocantins','TO'),(5126,20,2413904,'Taipu','RN'),(5127,25,3553203,'Taiúva','SP'),(5128,27,1720978,'Talismã','TO'),(5129,17,2614857,'Tamandaré','PE'),(5130,16,4126678,'Tamarana','PR'),(5131,25,3553302,'Tambaú','SP'),(5132,16,4126702,'Tamboara','PR'),(5133,6,2313203,'Tamboril','CE'),(5134,18,2210953,'Tamboril do Piauí','PI'),(5135,25,3553401,'Tanabi','SP'),(5136,20,2414001,'Tangará','RN'),(5137,24,4217907,'Tangará','SC'),(5138,11,5107958,'Tangará da Serra','MT'),(5139,19,3305752,'Tanguá','RJ'),(5140,5,2931004,'Tanhaçu','BA'),(5141,2,2709004,'Tanque d\'Arca','AL'),(5142,18,2210979,'Tanque do Piauí','PI'),(5143,5,2931053,'Tanque Novo','BA'),(5144,5,2931103,'Tanquinho','BA'),(5145,13,3168051,'Taparuba','MG'),(5146,4,1304104,'Tapauá','AM'),(5147,16,4126801,'Tapejara','PR'),(5148,21,4320909,'Tapejara','RS'),(5149,21,4321006,'Tapera','RS'),(5150,5,2931202,'Taperoá','BA'),(5151,15,2516508,'Taperoá','PB'),(5152,21,4321105,'Tapes','RS'),(5153,13,3168101,'Tapira','MG'),(5154,16,4126900,'Tapira','PR'),(5155,13,3168200,'Tapiraí','MG'),(5156,25,3553500,'Tapiraí','SP'),(5157,5,2931301,'Tapiramutá','BA'),(5158,25,3553609,'Tapiratiba','SP'),(5159,11,5108006,'Tapurah','MT'),(5160,21,4321204,'Taquara','RS'),(5161,13,3168309,'Taquaraçu de Minas','MG'),(5162,25,3553658,'Taquaral','SP'),(5163,9,5221007,'Taquaral de Goiás','GO'),(5164,2,2709103,'Taquarana','AL'),(5165,21,4321303,'Taquari','RS'),(5166,25,3553708,'Taquaritinga','SP'),(5167,17,2615003,'Taquaritinga do Norte','PE'),(5168,25,3553807,'Taquarituba','SP'),(5169,25,3553856,'Taquarivaí','SP'),(5170,21,4321329,'Taquaruçu do Sul','RS'),(5171,12,5007976,'Taquarussu','MS'),(5172,25,3553906,'Tarabai','SP'),(5173,1,1200609,'Tarauacá','AC'),(5174,6,2313252,'Tarrafas','CE'),(5175,3,1600709,'Tartarugalzinho','AP'),(5176,25,3553955,'Tarumã','SP'),(5177,13,3168408,'Tarumirim','MG'),(5178,10,2112001,'Tasso Fragoso','MA'),(5179,25,3554003,'Tatuí','SP'),(5180,6,2313302,'Tauá','CE'),(5181,25,3554102,'Taubaté','SP'),(5182,15,2516607,'Tavares','PB'),(5183,21,4321352,'Tavares','RS'),(5184,4,1304203,'Tefé','AM'),(5185,15,2516706,'Teixeira','PB'),(5186,5,2931350,'Teixeira de Freitas','BA'),(5187,16,4127007,'Teixeira Soares','PR'),(5188,13,3168507,'Teixeiras','MG'),(5189,22,1101559,'Teixeirópolis','RO'),(5190,6,2313351,'Tejuçuoca','CE'),(5191,25,3554201,'Tejupá','SP'),(5192,16,4127106,'Telêmaco Borba','PR'),(5193,26,2807303,'Telha','SE'),(5194,20,2414100,'Tenente Ananias','RN'),(5195,20,2414159,'Tenente Laurentino Cruz','RN'),(5196,21,4321402,'Tenente Portela','RS'),(5197,15,2516755,'Tenório','PB'),(5198,5,2931400,'Teodoro Sampaio','BA'),(5199,25,3554300,'Teodoro Sampaio','SP'),(5200,5,2931509,'Teofilândia','BA'),(5201,13,3168606,'Teófilo Otoni','MG'),(5202,5,2931608,'Teolândia','BA'),(5203,2,2709152,'Teotônio Vilela','AL'),(5204,12,5008008,'Terenos','MS'),(5205,18,2211001,'Teresina','PI'),(5206,9,5221080,'Teresina de Goiás','GO'),(5207,19,3305802,'Teresópolis','RJ'),(5208,17,2615102,'Terezinha','PE'),(5209,9,5221197,'Terezópolis de Goiás','GO'),(5210,14,1507961,'Terra Alta','PA'),(5211,16,4127205,'Terra Boa','PR'),(5212,21,4321436,'Terra de Areia','RS'),(5213,5,2931707,'Terra Nova','BA'),(5214,17,2615201,'Terra Nova','PE'),(5215,11,5108055,'Terra Nova do Norte','MT'),(5216,16,4127304,'Terra Rica','PR'),(5217,16,4127403,'Terra Roxa','PR'),(5218,25,3554409,'Terra Roxa','SP'),(5219,14,1507979,'Terra Santa','PA'),(5220,11,5108105,'Tesouro','MT'),(5221,21,4321451,'Teutônia','RS'),(5222,22,1101609,'Theobroma','RO'),(5223,6,2313401,'Tianguá','CE'),(5224,16,4127502,'Tibagi','PR'),(5225,20,2411056,'Tibau','RN'),(5226,20,2414209,'Tibau do Sul','RN'),(5227,25,3554508,'Tietê','SP'),(5228,24,4217956,'Tigrinhos','SC'),(5229,24,4218004,'Tijucas','SC'),(5230,16,4127601,'Tijucas do Sul','PR'),(5231,17,2615300,'Timbaúba','PE'),(5232,20,2414308,'Timbaúba dos Batistas','RN'),(5233,24,4218103,'Timbé do Sul','SC'),(5234,10,2112100,'Timbiras','MA'),(5235,24,4218202,'Timbó','SC'),(5236,24,4218251,'Timbó Grande','SC'),(5237,25,3554607,'Timburi','SP'),(5238,10,2112209,'Timon','MA'),(5239,13,3168705,'Timóteo','MG'),(5240,21,4321469,'Tio Hugo','RS'),(5241,13,3168804,'Tiradentes','MG'),(5242,21,4321477,'Tiradentes do Sul','RS'),(5243,13,3168903,'Tiros','MG'),(5244,26,2807402,'Tobias Barreto','SE'),(5245,27,1721109,'Tocantínia','TO'),(5246,27,1721208,'Tocantinópolis','TO'),(5247,13,3169000,'Tocantins','MG'),(5248,13,3169059,'Tocos do Moji','MG'),(5249,13,3169109,'Toledo','MG'),(5250,16,4127700,'Toledo','PR'),(5251,26,2807501,'Tomar do Geru','SE'),(5252,16,4127809,'Tomazina','PR'),(5253,13,3169208,'Tombos','MG'),(5254,14,1508001,'Tomé-Açu','PA'),(5255,4,1304237,'Tonantins','AM'),(5256,17,2615409,'Toritama','PE'),(5257,11,5108204,'Torixoréu','MT'),(5258,21,4321493,'Toropi','RS'),(5259,25,3554656,'Torre de Pedra','SP'),(5260,21,4321501,'Torres','RS'),(5261,25,3554706,'Torrinha','SP'),(5262,20,2414407,'Touros','RN'),(5263,25,3554755,'Trabiju','SP'),(5264,14,1508035,'Tracuateua','PA'),(5265,17,2615508,'Tracunhaém','PE'),(5266,2,2709202,'Traipu','AL'),(5267,14,1508050,'Trairão','PA'),(5268,6,2313500,'Trairi','CE'),(5269,19,3305901,'Trajano de Moraes','RJ'),(5270,21,4321600,'Tramandaí','RS'),(5271,21,4321626,'Travesseiro','RS'),(5272,5,2931806,'Tremedal','BA'),(5273,25,3554805,'Tremembé','SP'),(5274,21,4321634,'Três Arroios','RS'),(5275,24,4218301,'Três Barras','SC'),(5276,16,4127858,'Três Barras do Paraná','PR'),(5277,21,4321667,'Três Cachoeiras','RS'),(5278,13,3169307,'Três Corações','MG'),(5279,21,4321709,'Três Coroas','RS'),(5280,21,4321808,'Três de Maio','RS'),(5281,21,4321832,'Três Forquilhas','RS'),(5282,25,3554904,'Três Fronteiras','SP'),(5283,12,5008305,'Três Lagoas','MS'),(5284,13,3169356,'Três Marias','MG'),(5285,21,4321857,'Três Palmeiras','RS'),(5286,21,4321907,'Três Passos','RS'),(5287,13,3169406,'Três Pontas','MG'),(5288,9,5221304,'Três Ranchos','GO'),(5289,19,3306008,'Três Rios','RJ'),(5290,24,4218350,'Treviso','SC'),(5291,24,4218400,'Treze de Maio','SC'),(5292,24,4218509,'Treze Tílias','SC'),(5293,9,5221403,'Trindade','GO'),(5294,17,2615607,'Trindade','PE'),(5295,21,4321956,'Trindade do Sul','RS'),(5296,15,2516805,'Triunfo','PB'),(5297,17,2615706,'Triunfo','PE'),(5298,21,4322004,'Triunfo','RS'),(5299,20,2414456,'Triunfo Potiguar','RN'),(5300,10,2112233,'Trizidela do Vale','MA'),(5301,9,5221452,'Trombas','GO'),(5302,24,4218608,'Trombudo Central','SC'),(5303,24,4218707,'Tubarão','SC'),(5304,5,2931905,'Tucano','BA'),(5305,14,1508084,'Tucumã','PA'),(5306,21,4322103,'Tucunduva','RS'),(5307,14,1508100,'Tucuruí','PA'),(5308,10,2112274,'Tufilândia','MA'),(5309,25,3554953,'Tuiuti','SP'),(5310,13,3169505,'Tumiritinga','MG'),(5311,24,4218756,'Tunápolis','SC'),(5312,21,4322152,'Tunas','RS'),(5313,16,4127882,'Tunas do Paraná','PR'),(5314,16,4127908,'Tuneiras do Oeste','PR'),(5315,10,2112308,'Tuntum','MA'),(5316,25,3555000,'Tupã','SP'),(5317,13,3169604,'Tupaciguara','MG'),(5318,17,2615805,'Tupanatinga','PE'),(5319,21,4322186,'Tupanci do Sul','RS'),(5320,21,4322202,'Tupanciretã','RS'),(5321,21,4322251,'Tupandi','RS'),(5322,21,4322301,'Tuparendi','RS'),(5323,17,2615904,'Tuparetama','PE'),(5324,16,4127957,'Tupãssi','PR'),(5325,25,3555109,'Tupi Paulista','SP'),(5326,27,1721257,'Tupirama','TO'),(5327,27,1721307,'Tupiratins','TO'),(5328,10,2112407,'Turiaçu','MA'),(5329,10,2112456,'Turilândia','MA'),(5330,25,3555208,'Turiúba','SP'),(5331,13,3169703,'Turmalina','MG'),(5332,25,3555307,'Turmalina','SP'),(5333,21,4322327,'Turuçu','RS'),(5334,6,2313559,'Tururu','CE'),(5335,9,5221502,'Turvânia','GO'),(5336,9,5221551,'Turvelândia','GO'),(5337,16,4127965,'Turvo','PR'),(5338,24,4218806,'Turvo','SC'),(5339,13,3169802,'Turvolândia','MG'),(5340,10,2112506,'Tutóia','MA'),(5341,4,1304260,'Uarini','AM'),(5342,5,2932002,'Uauá','BA'),(5343,13,3169901,'Ubá','MG'),(5344,13,3170008,'Ubaí','MG'),(5345,5,2932101,'Ubaíra','BA'),(5346,5,2932200,'Ubaitaba','BA'),(5347,6,2313609,'Ubajara','CE'),(5348,13,3170057,'Ubaporanga','MG'),(5349,25,3555356,'Ubarana','SP'),(5350,5,2932309,'Ubatã','BA'),(5351,25,3555406,'Ubatuba','SP'),(5352,13,3170107,'Uberaba','MG'),(5353,13,3170206,'Uberlândia','MG'),(5354,25,3555505,'Ubirajara','SP'),(5355,16,4128005,'Ubiratã','PR'),(5356,21,4322343,'Ubiretama','RS'),(5357,25,3555604,'Uchoa','SP'),(5358,5,2932408,'Uibaí','BA'),(5359,23,1400704,'Uiramutã','RR'),(5360,9,5221577,'Uirapuru','GO'),(5361,15,2516904,'Uiraúna','PB'),(5362,14,1508126,'Ulianópolis','PA'),(5363,6,2313708,'Umari','CE'),(5364,20,2414506,'Umarizal','RN'),(5365,26,2807600,'Umbaúba','SE'),(5366,5,2932457,'Umburanas','BA'),(5367,13,3170305,'Umburatiba','MG'),(5368,15,2517001,'Umbuzeiro','PB'),(5369,6,2313757,'Umirim','CE'),(5370,16,4128104,'Umuarama','PR'),(5371,5,2932507,'Una','BA'),(5372,13,3170404,'Unaí','MG'),(5373,18,2211100,'União','PI'),(5374,21,4322350,'União da Serra','RS'),(5375,16,4128203,'União da Vitória','PR'),(5376,13,3170438,'União de Minas','MG'),(5377,24,4218855,'União do Oeste','SC'),(5378,11,5108303,'União do Sul','MT'),(5379,2,2709301,'União dos Palmares','AL'),(5380,25,3555703,'União Paulista','SP'),(5381,16,4128302,'Uniflor','PR'),(5382,21,4322376,'Unistalda','RS'),(5383,20,2414605,'Upanema','RN'),(5384,16,4128401,'Uraí','PR'),(5385,5,2932606,'Urandi','BA'),(5386,25,3555802,'Urânia','SP'),(5387,10,2112605,'Urbano Santos','MA'),(5388,25,3555901,'Uru','SP'),(5389,9,5221601,'Uruaçu','GO'),(5390,9,5221700,'Uruana','GO'),(5391,13,3170479,'Uruana de Minas','MG'),(5392,14,1508159,'Uruará','PA'),(5393,24,4218905,'Urubici','SC'),(5394,6,2313807,'Uruburetama','CE'),(5395,13,3170503,'Urucânia','MG'),(5396,4,1304302,'Urucará','AM'),(5397,5,2932705,'Uruçuca','BA'),(5398,18,2211209,'Uruçuí','PI'),(5399,13,3170529,'Urucuia','MG'),(5400,4,1304401,'Urucurituba','AM'),(5401,21,4322400,'Uruguaiana','RS'),(5402,6,2313906,'Uruoca','CE'),(5403,22,1101708,'Urupá','RO'),(5404,24,4218954,'Urupema','SC'),(5405,25,3556008,'Urupês','SP'),(5406,24,4219002,'Urussanga','SC'),(5407,9,5221809,'Urutaí','GO'),(5408,5,2932804,'Utinga','BA'),(5409,21,4322509,'Vacaria','RS'),(5410,11,5108352,'Vale de São Domingos','MT'),(5411,22,1101757,'Vale do Anari','RO'),(5412,22,1101807,'Vale do Paraíso','RO'),(5413,21,4322533,'Vale do Sol','RS'),(5414,21,4322541,'Vale Real','RS'),(5415,21,4322525,'Vale Verde','RS'),(5416,5,2932903,'Valença','BA'),(5417,19,3306107,'Valença','RJ'),(5418,18,2211308,'Valença do Piauí','PI'),(5419,5,2933000,'Valente','BA'),(5420,25,3556107,'Valentim Gentil','SP'),(5421,25,3556206,'Valinhos','SP'),(5422,25,3556305,'Valparaíso','SP'),(5423,9,5221858,'Valparaíso de Goiás','GO'),(5424,21,4322558,'Vanini','RS'),(5425,24,4219101,'Vargeão','SC'),(5426,24,4219150,'Vargem','SC'),(5427,25,3556354,'Vargem','SP'),(5428,13,3170578,'Vargem Alegre','MG'),(5429,8,3205036,'Vargem Alta','ES'),(5430,13,3170602,'Vargem Bonita','MG'),(5431,24,4219176,'Vargem Bonita','SC'),(5432,10,2112704,'Vargem Grande','MA'),(5433,13,3170651,'Vargem Grande do Rio Pardo','MG'),(5434,25,3556404,'Vargem Grande do Sul','SP'),(5435,25,3556453,'Vargem Grande Paulista','SP'),(5436,13,3170701,'Varginha','MG'),(5437,9,5221908,'Varjão','GO'),(5438,13,3170750,'Varjão de Minas','MG'),(5439,6,2313955,'Varjota','CE'),(5440,19,3306156,'Varre-Sai','RJ'),(5441,15,2517100,'Várzea','PB'),(5442,20,2414704,'Várzea','RN'),(5443,6,2314003,'Várzea Alegre','CE'),(5444,18,2211357,'Várzea Branca','PI'),(5445,13,3170800,'Várzea da Palma','MG'),(5446,5,2933059,'Várzea da Roça','BA'),(5447,5,2933109,'Várzea do Poço','BA'),(5448,11,5108402,'Várzea Grande','MT'),(5449,18,2211407,'Várzea Grande','PI'),(5450,5,2933158,'Várzea Nova','BA'),(5451,25,3556503,'Várzea Paulista','SP'),(5452,5,2933174,'Varzedo','BA'),(5453,13,3170909,'Varzelândia','MG'),(5454,19,3306206,'Vassouras','RJ'),(5455,13,3171006,'Vazante','MG'),(5456,21,4322608,'Venâncio Aires','RS'),(5457,8,3205069,'Venda Nova do Imigrante','ES'),(5458,20,2414753,'Venha-Ver','RN'),(5459,16,4128534,'Ventania','PR'),(5460,17,2616001,'Venturosa','PE'),(5461,11,5108501,'Vera','MT'),(5462,5,2933208,'Vera Cruz','BA'),(5463,20,2414803,'Vera Cruz','RN'),(5464,21,4322707,'Vera Cruz','RS'),(5465,25,3556602,'Vera Cruz','SP'),(5466,16,4128559,'Vera Cruz do Oeste','PR'),(5467,18,2211506,'Vera Mendes','PI'),(5468,21,4322806,'Veranópolis','RS'),(5469,17,2616100,'Verdejante','PE'),(5470,13,3171030,'Verdelândia','MG'),(5471,16,4128609,'Verê','PR'),(5472,5,2933257,'Vereda','BA'),(5473,13,3171071,'Veredinha','MG'),(5474,13,3171105,'Veríssimo','MG'),(5475,13,3171154,'Vermelho Novo','MG'),(5476,17,2616183,'Vertente do Lério','PE'),(5477,17,2616209,'Vertentes','PE'),(5478,13,3171204,'Vespasiano','MG'),(5479,21,4322855,'Vespasiano Correa','RS'),(5480,21,4322905,'Viadutos','RS'),(5481,21,4323002,'Viamão','RS'),(5482,8,3205101,'Viana','ES'),(5483,10,2112803,'Viana','MA'),(5484,9,5222005,'Vianópolis','GO'),(5485,17,2616308,'Vicência','PE'),(5486,21,4323101,'Vicente Dutra','RS'),(5487,12,5008404,'Vicentina','MS'),(5488,9,5222054,'Vicentinópolis','GO'),(5489,2,2709400,'Viçosa','AL'),(5490,13,3171303,'Viçosa','MG'),(5491,20,2414902,'Viçosa','RN'),(5492,6,2314102,'Viçosa do Ceará','CE'),(5493,21,4323200,'Victor Graeff','RS'),(5494,24,4219200,'Vidal Ramos','SC'),(5495,24,4219309,'Videira','SC'),(5496,13,3171402,'Vieiras','MG'),(5497,15,2517209,'Vieirópolis','PB'),(5498,14,1508209,'Vigia','PA'),(5499,11,5105507,'Vila Bela da Santíssima Trindade','MT'),(5500,9,5222203,'Vila Boa','GO'),(5501,20,2415008,'Vila Flor','RN'),(5502,21,4323309,'Vila Flores','RS'),(5503,21,4323358,'Vila Lângaro','RS'),(5504,21,4323408,'Vila Maria','RS'),(5505,18,2211605,'Vila Nova do Piauí','PI'),(5506,21,4323457,'Vila Nova do Sul','RS'),(5507,10,2112852,'Vila Nova dos Martírios','MA'),(5508,8,3205150,'Vila Pavão','ES'),(5509,9,5222302,'Vila Propício','GO'),(5510,11,5108600,'Vila Rica','MT'),(5511,8,3205176,'Vila Valério','ES'),(5512,8,3205200,'Vila Velha','ES'),(5513,22,1100304,'Vilhena','RO'),(5514,25,3556701,'Vinhedo','SP'),(5515,25,3556800,'Viradouro','SP'),(5516,13,3171600,'Virgem da Lapa','MG'),(5517,13,3171709,'Virgínia','MG'),(5518,13,3171808,'Virginópolis','MG'),(5519,13,3171907,'Virgolândia','MG'),(5520,16,4128658,'Virmond','PR'),(5521,13,3172004,'Visconde do Rio Branco','MG'),(5522,14,1508308,'Viseu','PA'),(5523,21,4323507,'Vista Alegre','RS'),(5524,25,3556909,'Vista Alegre do Alto','SP'),(5525,21,4323606,'Vista Alegre do Prata','RS'),(5526,21,4323705,'Vista Gaúcha','RS'),(5527,15,2505501,'Vista Serrana','PB'),(5528,24,4219358,'Vitor Meireles','SC'),(5529,8,3205309,'Vitória','ES'),(5530,25,3556958,'Vitória Brasil','SP'),(5531,5,2933307,'Vitória da Conquista','BA'),(5532,21,4323754,'Vitória das Missões','RS'),(5533,17,2616407,'Vitória de Santo Antão','PE'),(5534,3,1600808,'Vitória do Jari','AP'),(5535,10,2112902,'Vitória do Mearim','MA'),(5536,14,1508357,'Vitória do Xingu','PA'),(5537,16,4128708,'Vitorino','PR'),(5538,10,2113009,'Vitorino Freire','MA'),(5539,13,3172103,'Volta Grande','MG'),(5540,19,3306305,'Volta Redonda','RJ'),(5541,25,3557006,'Votorantim','SP'),(5542,25,3557105,'Votuporanga','SP'),(5543,5,2933406,'Wagner','BA'),(5544,18,2211704,'Wall Ferraz','PI'),(5545,27,1722081,'Wanderlândia','TO'),(5546,5,2933455,'Wanderley','BA'),(5547,13,3172202,'Wenceslau Braz','MG'),(5548,16,4128500,'Wenceslau Braz','PR'),(5549,5,2933505,'Wenceslau Guimarães','BA'),(5550,21,4323770,'Westfalia','RS'),(5551,24,4219408,'Witmarsum','SC'),(5552,27,1722107,'Xambioá','TO'),(5553,16,4128807,'Xambrê','PR'),(5554,21,4323804,'Xangri-lá','RS'),(5555,24,4219507,'Xanxerê','SC'),(5556,1,1200708,'Xapuri','AC'),(5557,24,4219606,'Xavantina','SC'),(5558,24,4219705,'Xaxim','SC'),(5559,17,2616506,'Xexéu','PE'),(5560,14,1508407,'Xinguara','PA'),(5561,5,2933604,'Xique-Xique','BA'),(5562,15,2517407,'Zabelê','PB'),(5563,25,3557154,'Zacarias','SP'),(5564,10,2114007,'Zé Doca','MA'),(5565,24,4219853,'Zortéa','SC');
/*!40000 ALTER TABLE `ibge_city` ENABLE KEYS */;
UNLOCK TABLES;

--
-- Table structure for table `ibge_state`
--

DROP TABLE IF EXISTS `ibge_state`;
/*!40101 SET @saved_cs_client     = @@character_set_client */;
/*!40101 SET character_set_client = utf8 */;
CREATE TABLE `ibge_state` (
  `id` int(11) NOT NULL,
  `code` int(11) NOT NULL,
  `name` varchar(300) NOT NULL,
  `initials` varchar(2) NOT NULL,
  `region` varchar(20) NOT NULL,
  PRIMARY KEY (`id`)
) ENGINE=InnoDB DEFAULT CHARSET=utf8;
/*!40101 SET character_set_client = @saved_cs_client */;

--
-- Dumping data for table `ibge_state`
--

LOCK TABLES `ibge_state` WRITE;
/*!40000 ALTER TABLE `ibge_state` DISABLE KEYS */;
INSERT INTO `ibge_state` VALUES (1,12,'Acre','AC','Norte'),(2,27,'Alagoas','AL','Nordeste'),(3,16,'Amapá','AP','Norte'),(4,13,'Amazonas','AM','Norte'),(5,29,'Bahia','BA','Nordeste'),(6,23,'Ceará','CE','Nordeste'),(7,53,'Distrito Federal','DF','Centro-Oeste'),(8,32,'Espírito Santo','ES','Sudeste'),(9,52,'Goiás','GO','Centro-Oeste'),(10,21,'Maranhão','MA','Nordeste'),(11,51,'Mato Grosso','MT','Centro-Oeste'),(12,50,'Mato Grosso do Sul','MS','Centro-Oeste'),(13,31,'Minas Gerais','MG','Sudeste'),(14,15,'Pará','PA','Nordeste'),(15,25,'Paraíba','PB','Nordeste'),(16,41,'Paraná','PR','Sul'),(17,26,'Pernambuco','PE','Nordeste'),(18,22,'Piauí','PI','Nordeste'),(19,33,'Rio de Janeiro','RJ','Sudeste'),(20,24,'Rio Grande do Norte','RN','Nordeste'),(21,43,'Rio Grande do Sul','RS','Sul'),(22,11,'Rondônia','RO','Norte'),(23,14,'Roraima','RR','Norte'),(24,42,'Santa Catarina','SC','Sul'),(25,35,'São Paulo','SP','Sudeste'),(26,28,'Sergipe','SE','Nordeste'),(27,17,'Tocantins','TO','Norte');
/*!40000 ALTER TABLE `ibge_state` ENABLE KEYS */;
UNLOCK TABLES;

--
-- Dumping routines for database 'arca_test'
--
/*!40103 SET TIME_ZONE=@OLD_TIME_ZONE */;

/*!40101 SET SQL_MODE=@OLD_SQL_MODE */;
/*!40014 SET FOREIGN_KEY_CHECKS=@OLD_FOREIGN_KEY_CHECKS */;
/*!40014 SET UNIQUE_CHECKS=@OLD_UNIQUE_CHECKS */;
/*!40101 SET CHARACTER_SET_CLIENT=@OLD_CHARACTER_SET_CLIENT */;
/*!40101 SET CHARACTER_SET_RESULTS=@OLD_CHARACTER_SET_RESULTS */;
/*!40101 SET COLLATION_CONNECTION=@OLD_COLLATION_CONNECTION */;
/*!40111 SET SQL_NOTES=@OLD_SQL_NOTES */;

-- Dump completed on 2017-06-09  5:54:19
